datetime,actual_occupancy,max_occupancy
2024-03-01 23:19:59.528448+01:00,3,80
2024-03-01 22:22:11.538017+01:00,3,80
2024-03-01 22:23:49.276680+01:00,3,80
2024-03-01 22:36:24.170955+01:00,3,80
2024-03-01 22:48:24.207674+01:00,3,80
2024-03-01 23:00:12.444530+01:00,3,80
2024-03-01 23:20:14.648173+01:00,3,80
2024-03-01 23:32:14.968979+01:00,3,80
2024-03-01 23:44:17.176577+01:00,3,80
2024-03-01 23:56:13.526684+01:00,3,80
2024-03-02 00:16:44.474422+01:00,3,80
2024-03-02 00:28:31.595003+01:00,3,80
2024-03-02 00:40:29.168610+01:00,3,80
2024-03-02 00:52:35.920327+01:00,3,80
2024-03-02 01:49:56.665249+01:00,3,80
2024-03-02 02:37:08.793791+01:00,3,80
2024-03-02 03:04:00.597950+01:00,3,80
2024-03-02 03:23:59.168507+01:00,3,80
2024-03-02 03:36:29.358581+01:00,3,80
2024-03-02 03:48:28.625832+01:00,3,80
2024-03-02 04:00:12.158173+01:00,3,80
2024-03-02 04:19:23.048203+01:00,3,80
2024-03-02 04:31:37.503011+01:00,3,80
2024-03-02 04:43:30.446755+01:00,3,80
2024-03-02 04:55:22.051531+01:00,3,80
2024-03-02 05:18:01.548856+01:00,0,80
2024-03-02 05:29:45.553302+01:00,0,80
2024-03-02 05:42:01.693610+01:00,0,80
2024-03-02 05:54:09.772751+01:00,0,80
2024-03-02 06:12:55.595302+01:00,0,80
2024-03-02 06:26:54.905718+01:00,0,80
2024-03-02 06:39:09.066403+01:00,0,80
2024-03-02 06:50:59.429369+01:00,0,80
2024-03-02 07:12:21.217346+01:00,0,80
2024-03-02 07:29:31.480155+01:00,0,80
2024-03-02 07:41:30.505250+01:00,0,80
2024-03-02 07:53:33.563173+01:00,0,80
2024-03-02 08:10:59.028252+01:00,5,80
2024-03-02 08:22:52.358685+01:00,8,80
2024-03-02 08:34:59.933644+01:00,10,80
2024-03-02 08:47:05.966303+01:00,14,80
2024-03-02 08:58:49.618380+01:00,19,80
2024-03-02 09:21:03.700305+01:00,20,80
2024-03-02 09:33:35.330125+01:00,24,80
2024-03-02 09:45:18.920731+01:00,29,80
2024-03-02 09:57:20.817495+01:00,31,80
2024-03-02 10:16:15.651961+01:00,40,80
2024-03-02 10:28:01.372001+01:00,42,80
2024-03-02 10:39:43.948028+01:00,41,80
2024-03-02 10:51:41.975797+01:00,39,80
2024-03-02 11:10:01.053378+01:00,40,80
2024-03-02 11:25:54.746728+01:00,30,80
2024-03-02 11:37:55.892584+01:00,31,80
2024-03-02 11:49:51.116714+01:00,24,80
2024-03-02 12:04:43.507362+01:00,21,80
2024-03-02 12:19:42.290618+01:00,26,80
2024-03-02 12:31:42.507403+01:00,27,80
2024-03-02 12:43:37.857108+01:00,30,80
2024-03-02 12:55:31.866174+01:00,31,80
2024-03-02 13:27:30.552334+01:00,26,80
2024-03-02 13:48:09.846819+01:00,34,80
2024-03-02 14:00:06.052218+01:00,33,80
2024-03-02 14:18:42.162858+01:00,39,80
2024-03-02 14:30:56.689019+01:00,40,80
2024-03-02 14:42:52.276852+01:00,38,80
2024-03-02 14:54:57.901524+01:00,40,80
2024-03-02 15:12:54.477331+01:00,40,80
2024-03-02 15:25:46.927265+01:00,38,80
2024-03-02 15:38:34.712385+01:00,37,80
2024-03-02 15:50:22.229656+01:00,36,80
2024-03-02 16:07:10.570436+01:00,43,80
2024-03-02 16:21:04.956260+01:00,48,80
2024-03-02 16:33:07.656196+01:00,45,80
2024-03-02 16:45:02.780490+01:00,39,80
2024-03-02 16:57:01.671399+01:00,27,80
2024-03-02 17:21:34.626144+01:00,3,80
2024-03-02 17:33:57.138261+01:00,3,80
2024-03-02 17:45:42.798195+01:00,3,80
2024-03-02 17:57:50.632194+01:00,3,80
2024-03-02 18:16:21.536709+01:00,3,80
2024-03-02 18:28:04.182251+01:00,3,80
2024-03-02 18:39:49.831576+01:00,3,80
2024-03-02 18:51:49.226236+01:00,3,80
2024-03-02 19:12:57.616227+01:00,3,80
2024-03-02 19:28:53.525575+01:00,4,80
2024-03-02 19:40:56.400160+01:00,3,80
2024-03-02 19:53:00.808937+01:00,3,80
2024-03-02 20:08:59.702806+01:00,3,80
2024-03-02 20:20:54.606714+01:00,3,80
2024-03-02 20:34:16.839136+01:00,3,80
2024-03-02 20:45:57.502843+01:00,3,80
2024-03-02 20:57:58.627309+01:00,3,80
2024-03-02 21:17:24.394742+01:00,3,80
2024-03-02 21:29:17.221709+01:00,3,80
2024-03-02 21:41:12.382557+01:00,3,80
2024-03-02 21:53:19.736643+01:00,3,80
2024-03-02 22:10:20.662483+01:00,3,80
2024-03-02 22:22:10.409476+01:00,3,80
2024-03-02 22:34:24.022649+01:00,3,80
2024-03-02 22:46:23.013179+01:00,3,80
2024-03-02 22:58:09.200827+01:00,3,80
2024-03-02 23:18:20.673308+01:00,3,80
2024-03-02 23:30:19.620291+01:00,3,80
2024-03-02 23:42:26.963437+01:00,3,80
2024-03-02 23:54:29.381422+01:00,3,80
2024-03-03 00:13:57.391572+01:00,3,80
2024-03-03 00:25:50.935078+01:00,3,80
2024-03-03 00:37:59.010926+01:00,3,80
2024-03-03 00:50:07.277465+01:00,3,80
2024-03-03 01:36:14.216323+01:00,3,80
2024-03-03 02:36:56.234332+01:00,3,80
2024-03-03 03:12:47.448882+01:00,3,80
2024-03-03 03:30:19.184824+01:00,3,80
2024-03-03 03:42:09.058488+01:00,3,80
2024-03-03 03:54:16.011966+01:00,3,80
2024-03-03 04:14:14.686435+01:00,3,80
2024-03-03 04:26:04.571130+01:00,3,80
2024-03-03 04:38:36.831878+01:00,3,80
2024-03-03 04:50:34.584814+01:00,3,80
2024-03-03 05:11:28.157915+01:00,0,80
2024-03-03 05:27:59.485524+01:00,0,80
2024-03-03 05:39:55.650154+01:00,0,80
2024-03-03 05:52:09.319979+01:00,0,80
2024-03-03 06:10:30.234524+01:00,0,80
2024-03-03 06:27:20.741826+01:00,0,80
2024-03-03 06:38:27.513442+01:00,0,80
2024-03-03 06:50:36.272115+01:00,0,80
2024-03-03 07:10:42.525184+01:00,0,80
2024-03-03 07:27:40.467254+01:00,0,80
2024-03-03 07:39:24.824324+01:00,0,80
2024-03-03 07:51:27.634622+01:00,0,80
2024-03-03 08:08:28.845937+01:00,0,80
2024-03-03 08:20:28.802850+01:00,0,80
2024-03-03 08:32:42.019868+01:00,0,80
2024-03-03 08:56:19.924356+01:00,1,80
2024-03-03 09:22:33.322758+01:00,25,80
2024-03-03 09:34:36.365075+01:00,33,80
2024-03-03 09:46:35.786242+01:00,37,80
2024-03-03 09:58:38.292896+01:00,38,80
2024-03-03 10:18:01.902119+01:00,36,80
2024-03-03 10:30:02.946451+01:00,43,80
2024-03-03 10:42:04.623057+01:00,45,80
2024-03-03 10:54:04.584599+01:00,48,80
2024-03-03 11:15:43.677102+01:00,57,80
2024-03-03 11:32:12.239886+01:00,50,80
2024-03-03 11:44:06.747559+01:00,44,80
2024-03-03 11:56:04.381329+01:00,42,80
2024-03-03 12:12:56.474224+01:00,38,80
2024-03-03 12:24:34.018116+01:00,41,80
2024-03-03 12:36:24.793297+01:00,38,80
2024-03-03 12:48:27.257342+01:00,35,80
2024-03-03 13:00:18.386831+01:00,36,80
2024-03-03 13:32:03.581905+01:00,43,80
2024-03-03 13:49:39.982559+01:00,42,80
2024-03-03 14:06:21.044186+01:00,40,80
2024-03-03 14:21:22.228899+01:00,48,80
2024-03-03 14:33:43.490769+01:00,55,80
2024-03-03 14:45:38.541484+01:00,42,80
2024-03-03 14:57:26.039350+01:00,36,80
2024-03-03 15:16:56.491902+01:00,37,80
2024-03-03 15:29:01.917513+01:00,46,80
2024-03-03 15:40:53.286593+01:00,51,80
2024-03-03 15:52:49.203582+01:00,56,80
2024-03-03 16:11:37.026709+01:00,49,80
2024-03-03 16:24:18.397211+01:00,52,80
2024-03-03 16:36:00.815526+01:00,49,80
2024-03-03 16:47:45.760236+01:00,38,80
2024-03-03 16:59:47.592447+01:00,23,80
2024-03-03 17:22:26.112420+01:00,0,80
2024-03-03 17:35:43.796044+01:00,0,80
2024-03-03 17:47:33.046622+01:00,0,80
2024-03-03 17:59:38.423524+01:00,0,80
2024-03-03 18:17:31.770690+01:00,0,80
2024-03-03 18:29:12.642010+01:00,0,80
2024-03-03 18:41:07.824778+01:00,0,80
2024-03-03 18:53:03.675942+01:00,0,80
2024-03-03 19:14:13.920571+01:00,0,80
2024-03-03 19:27:48.838434+01:00,0,80
2024-03-03 19:39:50.356871+01:00,0,80
2024-03-03 19:51:46.960095+01:00,0,80
2024-03-03 20:07:25.085315+01:00,0,80
2024-03-03 20:19:13.702960+01:00,0,80
2024-03-03 20:31:17.688313+01:00,0,80
2024-03-03 20:42:59.158229+01:00,0,80
2024-03-03 20:55:00.646612+01:00,0,80
2024-03-03 21:15:10.693049+01:00,0,80
2024-03-03 21:27:04.350989+01:00,0,80
2024-03-03 21:39:14.952116+01:00,0,80
2024-03-03 21:51:30.505580+01:00,0,80
2024-03-03 22:08:52.285329+01:00,0,80
2024-03-03 22:20:38.596474+01:00,0,80
2024-03-03 22:32:57.661718+01:00,0,80
2024-03-03 22:44:52.255480+01:00,0,80
2024-03-03 22:56:52.018088+01:00,0,80
2024-03-03 23:16:36.280128+01:00,0,80
2024-03-03 23:28:36.651317+01:00,0,80
2024-03-03 23:40:39.373912+01:00,0,80
2024-03-03 23:52:32.962601+01:00,0,80
2024-03-04 00:10:35.653255+01:00,0,80
2024-03-04 00:23:49.778301+01:00,0,80
2024-03-04 00:35:47.448122+01:00,0,80
2024-03-04 00:47:33.407200+01:00,0,80
2024-03-04 00:59:24.997953+01:00,0,80
2024-03-04 02:18:49.701213+01:00,0,80
2024-03-04 03:11:59.185299+01:00,0,80
2024-03-04 04:09:02.518444+01:00,0,80
2024-03-04 04:52:52.272515+01:00,0,80
2024-03-04 05:41:48.207590+01:00,0,80
2024-03-04 06:33:34.848917+01:00,2,80
2024-03-04 07:06:57.614252+01:00,3,80
2024-03-04 08:15:37.023108+01:00,31,80
2024-03-04 09:03:22.096706+01:00,38,80
2024-03-04 11:18:04.105195+01:00,35,80
2024-03-04 12:51:56.017777+01:00,37,80
2024-03-04 13:23:32.254651+01:00,35,80
2024-03-04 13:49:54.768823+01:00,44,80
2024-03-04 14:09:10.746705+01:00,45,80
2024-03-04 14:26:59.691222+01:00,40,80
2024-03-04 14:39:01.681544+01:00,54,80
2024-03-04 14:50:48.848386+01:00,55,80
2024-03-04 15:08:16.625168+01:00,46,80
2024-03-04 15:25:11.074541+01:00,49,80
2024-03-04 15:37:53.567621+01:00,47,80
2024-03-04 15:49:53.487276+01:00,51,80
2024-03-04 16:08:02.128593+01:00,48,80
2024-03-04 16:24:06.283333+01:00,55,80
2024-03-04 16:36:18.443708+01:00,56,80
2024-03-04 16:48:18.945067+01:00,64,80
2024-03-04 17:00:05.368918+01:00,68,80
2024-03-04 17:26:07.526126+01:00,73,80
2024-03-04 17:39:43.525191+01:00,81,80
2024-03-04 17:51:37.680234+01:00,85,80
2024-03-04 18:11:07.510330+01:00,83,80
2024-03-04 18:29:04.860809+01:00,81,80
2024-03-04 18:41:05.059726+01:00,94,80
2024-03-04 18:53:11.707489+01:00,93,80
2024-03-04 19:15:25.450370+01:00,79,80
2024-03-04 19:30:03.990109+01:00,71,80
2024-03-04 19:41:54.758362+01:00,66,80
2024-03-04 19:54:03.948959+01:00,71,80
2024-03-04 20:11:00.247127+01:00,66,80
2024-03-04 20:22:37.527605+01:00,59,80
2024-03-04 20:34:58.175467+01:00,64,80
2024-03-04 20:46:47.573883+01:00,68,80
2024-03-04 20:58:39.075546+01:00,72,80
2024-03-04 21:19:27.674786+01:00,53,80
2024-03-04 21:31:38.873156+01:00,43,80
2024-03-04 21:43:26.149388+01:00,32,80
2024-03-04 21:55:27.063104+01:00,14,80
2024-03-04 22:14:38.236815+01:00,5,80
2024-03-04 22:26:23.021238+01:00,5,80
2024-03-04 22:38:12.812498+01:00,5,80
2024-03-04 22:50:14.490793+01:00,5,80
2024-03-04 23:06:57.504551+01:00,5,80
2024-03-04 23:24:44.765584+01:00,5,80
2024-03-04 23:37:23.165922+01:00,5,80
2024-03-04 23:49:01.221302+01:00,5,80
2024-03-05 00:01:56.589000+01:00,5,80
2024-03-05 00:20:27.282741+01:00,5,80
2024-03-05 00:33:22.361991+01:00,5,80
2024-03-05 00:45:06.211643+01:00,5,80
2024-03-05 00:57:16.311833+01:00,5,80
2024-03-05 02:16:34.825913+01:00,5,80
2024-03-05 02:57:33.922581+01:00,5,80
2024-03-05 03:23:26.319431+01:00,5,80
2024-03-05 03:35:29.327136+01:00,5,80
2024-03-05 03:47:29.029973+01:00,5,80
2024-03-05 03:59:11.987599+01:00,5,80
2024-03-05 04:21:03.075499+01:00,5,80
2024-03-05 04:33:24.031864+01:00,5,80
2024-03-05 04:45:29.347147+01:00,5,80
2024-03-05 04:57:24.614192+01:00,5,80
2024-03-05 05:22:58.609889+01:00,0,80
2024-03-05 05:35:13.389380+01:00,0,80
2024-03-05 05:47:17.374599+01:00,0,80
2024-03-05 05:59:17.917483+01:00,1,80
2024-03-05 06:19:41.073300+01:00,0,80
2024-03-05 06:31:37.138732+01:00,0,80
2024-03-05 06:43:27.440606+01:00,1,80
2024-03-05 06:55:24.235187+01:00,2,80
2024-03-05 07:20:17.877693+01:00,28,80
2024-03-05 07:32:55.223859+01:00,35,80
2024-03-05 07:44:45.872279+01:00,41,80
2024-03-05 07:56:53.233262+01:00,39,80
2024-03-05 08:16:17.607223+01:00,37,80
2024-03-05 08:28:27.274328+01:00,41,80
2024-03-05 08:40:34.585096+01:00,42,80
2024-03-05 08:52:39.122668+01:00,37,80
2024-03-05 09:15:07.435568+01:00,42,80
2024-03-05 09:29:28.811770+01:00,40,80
2024-03-05 09:41:14.930945+01:00,33,80
2024-03-05 09:53:23.767514+01:00,32,80
2024-03-05 10:12:34.473274+01:00,29,80
2024-03-05 10:24:23.844213+01:00,32,80
2024-03-05 10:37:04.959203+01:00,40,80
2024-03-05 10:49:08.673547+01:00,40,80
2024-03-05 11:07:23.248640+01:00,38,80
2024-03-05 11:29:29.139411+01:00,35,80
2024-03-05 11:41:27.301151+01:00,35,80
2024-03-05 11:53:19.639198+01:00,31,80
2024-03-05 12:12:16.435807+01:00,35,80
2024-03-05 12:24:19.445724+01:00,37,80
2024-03-05 12:36:21.454708+01:00,43,80
2024-03-05 12:48:32.503519+01:00,43,80
2024-03-05 13:00:14.929888+01:00,49,80
2024-03-05 13:34:37.441128+01:00,49,80
2024-03-05 13:53:31.780082+01:00,40,80
2024-03-05 14:13:43.314763+01:00,44,80
2024-03-05 14:25:27.352682+01:00,46,80
2024-03-05 14:37:30.781705+01:00,44,80
2024-03-05 14:49:26.284761+01:00,38,80
2024-03-05 15:04:30.203029+01:00,37,80
2024-03-05 15:23:24.365799+01:00,39,80
2024-03-05 15:36:41.133450+01:00,42,80
2024-03-05 15:48:40.184902+01:00,43,80
2024-03-05 16:00:29.647534+01:00,41,80
2024-03-05 16:19:59.330374+01:00,42,80
2024-03-05 16:31:55.940760+01:00,50,80
2024-03-05 16:43:48.953531+01:00,59,80
2024-03-05 16:55:43.655021+01:00,61,80
2024-03-05 17:19:32.870582+01:00,70,80
2024-03-05 17:33:17.670989+01:00,79,80
2024-03-05 17:45:26.726673+01:00,75,80
2024-03-05 17:57:26.154348+01:00,78,80
2024-03-05 18:19:59.631509+01:00,75,80
2024-03-05 18:32:19.959724+01:00,67,80
2024-03-05 18:43:53.618347+01:00,69,80
2024-03-05 18:55:37.682310+01:00,62,80
2024-03-05 19:19:51.279895+01:00,48,80
2024-03-05 19:32:01.783813+01:00,52,80
2024-03-05 19:43:46.492203+01:00,53,80
2024-03-05 19:55:31.571107+01:00,49,80
2024-03-05 20:12:34.343567+01:00,54,80
2024-03-05 20:24:27.205928+01:00,52,80
2024-03-05 20:37:05.855366+01:00,48,80
2024-03-05 20:48:54.082090+01:00,49,80
2024-03-05 21:01:24.296567+01:00,53,80
2024-03-05 21:20:50.907461+01:00,52,80
2024-03-05 21:33:24.743365+01:00,33,80
2024-03-05 21:44:57.177921+01:00,31,80
2024-03-05 21:56:44.835686+01:00,19,80
2024-03-05 22:16:07.127168+01:00,3,80
2024-03-05 22:27:54.916046+01:00,3,80
2024-03-05 22:39:46.077794+01:00,3,80
2024-03-05 22:51:44.926603+01:00,3,80
2024-03-05 23:09:03.670156+01:00,3,80
2024-03-05 23:27:19.199528+01:00,3,80
2024-03-05 23:39:04.686825+01:00,3,80
2024-03-05 23:51:12.772966+01:00,3,80
2024-03-06 00:08:57.197051+01:00,3,80
2024-03-06 00:22:34.112163+01:00,3,80
2024-03-06 00:35:47.735801+01:00,3,80
2024-03-06 00:47:42.737010+01:00,3,80
2024-03-06 00:59:36.222384+01:00,3,80
2024-03-06 02:18:15.971343+01:00,3,80
2024-03-06 02:58:15.349751+01:00,3,80
2024-03-06 03:23:05.423088+01:00,3,80
2024-03-06 03:34:56.419974+01:00,3,80
2024-03-06 03:46:47.668449+01:00,3,80
2024-03-06 03:58:47.451322+01:00,3,80
2024-03-06 04:19:22.659565+01:00,3,80
2024-03-06 04:31:28.709894+01:00,3,80
2024-03-06 04:43:31.117175+01:00,3,80
2024-03-06 04:55:38.133739+01:00,3,80
2024-03-06 05:19:08.557625+01:00,0,80
2024-03-06 05:31:10.083759+01:00,0,80
2024-03-06 05:43:04.638984+01:00,0,80
2024-03-06 05:55:01.750097+01:00,0,80
2024-03-06 06:14:44.413254+01:00,1,80
2024-03-06 06:28:46.255702+01:00,2,80
2024-03-06 06:40:55.508001+01:00,2,80
2024-03-06 06:52:54.890044+01:00,2,80
2024-03-06 07:16:54.923877+01:00,20,80
2024-03-06 07:31:55.556126+01:00,32,80
2024-03-06 07:43:55.197848+01:00,35,80
2024-03-06 07:56:03.421403+01:00,37,80
2024-03-06 08:15:49.463552+01:00,26,80
2024-03-06 08:28:09.437490+01:00,32,80
2024-03-06 08:40:10.324304+01:00,32,80
2024-03-06 08:51:57.600171+01:00,33,80
2024-03-06 09:14:27.098261+01:00,33,80
2024-03-06 09:31:33.599522+01:00,34,80
2024-03-06 09:43:15.215177+01:00,27,80
2024-03-06 09:55:00.799850+01:00,32,80
2024-03-06 10:15:39.834873+01:00,31,80
2024-03-06 10:27:41.211348+01:00,37,80
2024-03-06 10:39:32.741142+01:00,39,80
2024-03-06 10:51:19.899776+01:00,36,80
2024-03-06 11:10:15.478231+01:00,36,80
2024-03-06 11:28:51.585841+01:00,34,80
2024-03-06 11:40:36.564165+01:00,36,80
2024-03-06 11:52:39.886184+01:00,32,80
2024-03-06 12:10:11.068457+01:00,33,80
2024-03-06 12:22:05.021391+01:00,42,80
2024-03-06 12:34:39.001135+01:00,44,80
2024-03-06 12:46:32.097830+01:00,57,80
2024-03-06 12:58:23.034639+01:00,54,80
2024-03-06 13:34:38.543670+01:00,42,80
2024-03-06 13:53:11.611936+01:00,36,80
2024-03-06 14:12:49.941031+01:00,40,80
2024-03-06 14:25:06.041395+01:00,50,80
2024-03-06 14:37:28.620980+01:00,53,80
2024-03-06 14:49:11.723023+01:00,64,80
2024-03-06 15:02:34.781191+01:00,66,80
2024-03-06 15:22:07.933633+01:00,61,80
2024-03-06 15:34:32.538329+01:00,53,80
2024-03-06 15:46:49.375236+01:00,59,80
2024-03-06 15:59:15.977809+01:00,63,80
2024-03-06 16:20:57.277709+01:00,65,80
2024-03-06 16:32:41.422315+01:00,69,80
2024-03-06 16:44:37.939496+01:00,65,80
2024-03-06 16:56:30.357113+01:00,65,80
2024-03-06 17:22:45.086449+01:00,59,80
2024-03-06 17:37:20.981588+01:00,56,80
2024-03-06 17:49:14.162956+01:00,55,80
2024-03-06 18:03:09.222105+01:00,56,80
2024-03-06 18:23:14.637935+01:00,63,80
2024-03-06 18:36:01.671402+01:00,60,80
2024-03-06 18:47:56.589892+01:00,61,80
2024-03-06 18:59:44.692532+01:00,63,80
2024-03-06 19:24:19.674561+01:00,62,80
2024-03-06 19:36:24.752938+01:00,55,80
2024-03-06 19:48:03.810916+01:00,66,80
2024-03-06 20:00:01.199051+01:00,61,80
2024-03-06 20:13:10.078024+01:00,61,80
2024-03-06 20:25:08.627066+01:00,51,80
2024-03-06 20:36:59.949027+01:00,42,80
2024-03-06 20:49:02.096357+01:00,42,80
2024-03-06 21:01:48.111173+01:00,45,80
2024-03-06 21:19:23.388543+01:00,41,80
2024-03-06 21:31:33.086570+01:00,34,80
2024-03-06 21:43:33.308060+01:00,29,80
2024-03-06 21:55:18.274919+01:00,17,80
2024-03-06 22:13:47.202600+01:00,1,80
2024-03-06 22:25:30.880169+01:00,1,80
2024-03-06 22:37:16.404849+01:00,1,80
2024-03-06 22:49:25.168796+01:00,1,80
2024-03-06 23:05:24.552360+01:00,1,80
2024-03-06 23:24:23.542763+01:00,1,80
2024-03-06 23:36:26.243188+01:00,1,80
2024-03-06 23:48:11.257759+01:00,1,80
2024-03-06 23:59:56.952721+01:00,1,80
2024-03-07 00:19:03.240941+01:00,1,80
2024-03-07 00:31:04.021328+01:00,1,80
2024-03-07 00:42:50.375241+01:00,1,80
2024-03-07 00:54:26.310765+01:00,1,80
2024-03-07 01:52:17.331794+01:00,1,80
2024-03-07 02:27:30.335442+01:00,1,80
2024-03-07 02:51:28.891696+01:00,1,80
2024-03-07 03:09:19.022505+01:00,1,80
2024-03-07 03:22:16.627860+01:00,1,80
2024-03-07 03:35:07.653959+01:00,1,80
2024-03-07 03:47:09.129603+01:00,1,80
2024-03-07 03:59:12.090746+01:00,1,80
2024-03-07 04:17:00.989558+01:00,1,80
2024-03-07 04:28:48.132680+01:00,1,80
2024-03-07 04:40:30.624478+01:00,1,80
2024-03-07 04:52:25.236026+01:00,1,80
2024-03-07 05:13:29.051421+01:00,0,80
2024-03-07 05:27:31.367578+01:00,0,80
2024-03-07 05:38:56.888793+01:00,0,80
2024-03-07 05:50:55.699215+01:00,0,80
2024-03-07 06:08:09.239705+01:00,1,80
2024-03-07 06:25:11.891576+01:00,0,80
2024-03-07 06:36:56.384376+01:00,0,80
2024-03-07 06:48:58.736871+01:00,0,80
2024-03-07 07:08:21.883813+01:00,10,80
2024-03-07 07:27:27.020236+01:00,25,80
2024-03-07 07:38:57.584572+01:00,30,80
2024-03-07 07:50:45.882980+01:00,34,80
2024-03-07 08:07:53.345596+01:00,36,80
2024-03-07 08:19:31.144877+01:00,31,80
2024-03-07 08:31:45.931555+01:00,32,80
2024-03-07 08:43:28.925607+01:00,31,80
2024-03-07 08:55:13.575654+01:00,33,80
2024-03-07 09:15:51.118171+01:00,40,80
2024-03-07 09:27:51.997241+01:00,44,80
2024-03-07 09:39:50.882334+01:00,42,80
2024-03-07 09:52:38.315165+01:00,41,80
2024-03-07 10:08:46.792862+01:00,32,80
2024-03-07 10:21:37.109066+01:00,42,80
2024-03-07 10:35:10.625036+01:00,48,80
2024-03-07 10:47:13.625593+01:00,41,80
2024-03-07 10:59:20.469092+01:00,43,80
2024-03-07 11:19:26.318967+01:00,38,80
2024-03-07 11:31:22.388793+01:00,40,80
2024-03-07 11:43:06.433244+01:00,30,80
2024-03-07 11:54:51.426295+01:00,26,80
2024-03-07 12:12:30.428027+01:00,24,80
2024-03-07 12:24:17.759919+01:00,32,80
2024-03-07 12:36:57.693964+01:00,31,80
2024-03-07 12:48:53.114253+01:00,35,80
2024-03-07 13:09:25.353783+01:00,33,80
2024-03-07 13:38:46.943374+01:00,32,80
2024-03-07 13:54:50.708093+01:00,33,80
2024-03-07 14:16:03.071273+01:00,47,80
2024-03-07 14:27:51.712369+01:00,50,80
2024-03-07 14:39:42.405201+01:00,42,80
2024-03-07 14:51:25.907417+01:00,36,80
2024-03-07 15:09:53.075130+01:00,31,80
2024-03-07 15:26:36.932258+01:00,24,80
2024-03-07 15:38:31.783372+01:00,32,80
2024-03-07 15:50:33.501539+01:00,36,80
2024-03-07 16:08:02.423419+01:00,43,80
2024-03-07 16:22:40.138687+01:00,45,80
2024-03-07 16:36:16.741086+01:00,44,80
2024-03-07 16:47:58.135173+01:00,48,80
2024-03-07 17:00:01.445690+01:00,46,80
2024-03-07 17:24:16.201052+01:00,42,80
2024-03-07 17:36:57.166233+01:00,42,80
2024-03-07 17:48:36.167182+01:00,39,80
2024-03-07 18:00:24.886931+01:00,41,80
2024-03-07 18:23:30.622183+01:00,50,80
2024-03-07 18:36:09.950045+01:00,52,80
2024-03-07 18:48:13.869300+01:00,56,80
2024-03-07 18:59:57.956248+01:00,58,80
2024-03-07 19:23:45.554814+01:00,62,80
2024-03-07 19:35:48.962900+01:00,59,80
2024-03-07 19:47:52.793854+01:00,49,80
2024-03-07 19:59:58.532689+01:00,47,80
2024-03-07 20:14:49.795952+01:00,47,80
2024-03-07 20:26:22.996257+01:00,43,80
2024-03-07 20:38:34.685237+01:00,39,80
2024-03-07 20:50:19.260707+01:00,32,80
2024-03-07 21:07:47.192905+01:00,31,80
2024-03-07 21:22:51.612449+01:00,24,80
2024-03-07 21:36:10.979495+01:00,22,80
2024-03-07 21:48:10.738364+01:00,16,80
2024-03-07 22:00:06.548708+01:00,9,80
2024-03-07 22:17:21.129730+01:00,1,80
2024-03-07 22:29:26.970841+01:00,1,80
2024-03-07 22:41:19.585007+01:00,1,80
2024-03-07 22:53:22.140055+01:00,1,80
2024-03-07 23:11:53.722018+01:00,1,80
2024-03-07 23:27:46.521416+01:00,1,80
2024-03-07 23:39:51.112082+01:00,1,80
2024-03-07 23:51:52.027597+01:00,1,80
2024-03-08 00:11:43.136225+01:00,1,80
2024-03-08 00:26:29.107103+01:00,1,80
2024-03-08 00:38:29.448983+01:00,1,80
2024-03-08 00:50:30.383772+01:00,1,80
2024-03-08 01:36:39.605554+01:00,1,80
2024-03-08 02:34:33.928006+01:00,1,80
2024-03-08 03:05:10.298578+01:00,1,80
2024-03-08 03:28:14.502230+01:00,1,80
2024-03-08 03:39:53.482940+01:00,1,80
2024-03-08 03:52:10.028492+01:00,1,80
2024-03-08 04:11:20.796518+01:00,1,80
2024-03-08 04:24:01.600064+01:00,1,80
2024-03-08 04:36:23.656436+01:00,1,80
2024-03-08 04:48:19.165699+01:00,1,80
2024-03-08 05:00:21.021386+01:00,1,80
2024-03-08 05:22:47.179721+01:00,0,80
2024-03-08 05:34:44.407950+01:00,0,80
2024-03-08 05:46:51.212368+01:00,0,80
2024-03-08 05:58:51.473145+01:00,0,80
2024-03-08 06:22:32.255005+01:00,1,80
2024-03-08 06:34:47.861835+01:00,1,80
2024-03-08 06:46:37.085412+01:00,1,80
2024-03-08 06:58:31.956218+01:00,1,80
2024-03-08 07:23:41.871988+01:00,23,80
2024-03-08 07:35:50.837797+01:00,26,80
2024-03-08 07:48:00.469017+01:00,26,80
2024-03-08 07:59:55.768850+01:00,27,80
2024-03-08 08:21:48.564085+01:00,31,80
2024-03-08 08:33:55.472090+01:00,34,80
2024-03-08 08:45:50.691045+01:00,35,80
2024-03-08 08:57:44.548799+01:00,35,80
2024-03-08 09:24:08.854252+01:00,45,80
2024-03-08 09:40:23.486511+01:00,39,80
2024-03-08 09:52:13.959107+01:00,40,80
2024-03-08 10:11:00.446217+01:00,43,80
2024-03-08 10:23:03.015092+01:00,43,80
2024-03-08 10:36:39.280011+01:00,61,80
2024-03-08 10:48:42.334957+01:00,63,80
2024-03-08 11:01:02.962806+01:00,66,80
2024-03-08 11:26:14.178867+01:00,60,80
2024-03-08 11:39:19.189815+01:00,55,80
2024-03-08 11:51:08.553271+01:00,46,80
2024-03-08 12:07:24.766605+01:00,36,80
2024-03-08 12:21:05.642299+01:00,27,80
2024-03-08 12:32:55.290931+01:00,23,80
2024-03-08 12:44:34.319309+01:00,26,80
2024-03-08 12:56:20.313663+01:00,26,80
2024-03-08 13:31:38.707701+01:00,29,80
2024-03-08 13:50:59.478225+01:00,34,80
2024-03-08 14:09:16.990757+01:00,36,80
2024-03-08 14:23:57.410747+01:00,34,80
2024-03-08 14:48:46.297621+01:00,35,80
2024-03-08 15:00:44.921172+01:00,36,80
2024-03-08 15:21:34.897763+01:00,39,80
2024-03-08 15:33:54.264457+01:00,48,80
2024-03-08 15:47:23.042626+01:00,49,80
2024-03-08 15:58:16.220787+01:00,49,80
2024-03-08 16:19:17.683232+01:00,44,80
2024-03-08 16:31:16.347023+01:00,46,80
2024-03-08 16:43:13.117289+01:00,50,80
2024-03-08 16:55:12.203112+01:00,64,80
2024-03-08 17:17:52.724955+01:00,61,80
2024-03-08 17:30:56.101543+01:00,65,80
2024-03-08 17:42:43.039951+01:00,60,80
2024-03-08 17:54:53.375833+01:00,55,80
2024-03-08 18:13:24.789546+01:00,48,80
2024-03-08 18:25:55.861084+01:00,41,80
2024-03-08 18:37:51.657468+01:00,45,80
2024-03-08 18:49:57.223420+01:00,39,80
2024-03-08 19:09:20.865670+01:00,41,80
2024-03-08 19:27:50.054962+01:00,39,80
2024-03-08 19:39:50.293158+01:00,45,80
2024-03-08 19:51:55.870678+01:00,42,80
2024-03-08 20:09:03.899737+01:00,39,80
2024-03-08 20:21:06.129653+01:00,38,80
2024-03-08 20:33:57.667300+01:00,41,80
2024-03-08 20:46:00.349122+01:00,34,80
2024-03-08 20:58:08.926545+01:00,32,80
2024-03-08 21:17:41.716239+01:00,23,80
2024-03-08 21:29:23.266515+01:00,19,80
2024-03-08 21:41:13.971049+01:00,16,80
2024-03-08 21:53:07.601348+01:00,9,80
2024-03-08 22:11:23.100859+01:00,0,80
2024-03-08 22:23:13.953007+01:00,0,80
2024-03-08 22:36:13.538918+01:00,0,80
2024-03-08 22:47:57.258700+01:00,0,80
2024-03-08 22:59:56.384099+01:00,0,80
2024-03-08 23:22:22.122235+01:00,0,80
2024-03-08 23:34:20.353590+01:00,0,80
2024-03-08 23:46:28.615134+01:00,0,80
2024-03-08 23:58:33.686422+01:00,0,80
2024-03-09 00:19:50.621677+01:00,0,80
2024-03-09 00:33:38.610550+01:00,0,80
2024-03-09 00:45:13.593193+01:00,0,80
2024-03-09 00:57:16.054739+01:00,0,80
2024-03-09 02:14:01.739329+01:00,0,80
2024-03-09 02:53:22.669658+01:00,0,80
2024-03-09 03:15:21.703376+01:00,0,80
2024-03-09 03:27:22.476962+01:00,0,80
2024-03-09 03:39:14.729391+01:00,0,80
2024-03-09 03:51:16.894865+01:00,0,80
2024-03-09 04:12:43.719512+01:00,0,80
2024-03-09 04:27:25.045350+01:00,0,80
2024-03-09 04:39:01.842314+01:00,0,80
2024-03-09 04:50:42.510226+01:00,0,80
2024-03-09 05:09:28.461466+01:00,0,80
2024-03-09 05:25:48.695046+01:00,0,80
2024-03-09 05:38:20.858182+01:00,0,80
2024-03-09 05:50:19.032176+01:00,0,80
2024-03-09 06:09:52.997942+01:00,0,80
2024-03-09 06:28:40.907782+01:00,0,80
2024-03-09 06:40:44.803655+01:00,0,80
2024-03-09 06:52:43.411180+01:00,0,80
2024-03-09 07:16:31.247399+01:00,0,80
2024-03-09 07:31:58.481464+01:00,0,80
2024-03-09 07:43:48.085921+01:00,0,80
2024-03-09 07:55:46.594676+01:00,1,80
2024-03-09 08:14:11.225985+01:00,4,80
2024-03-09 08:26:05.377888+01:00,8,80
2024-03-09 08:38:18.882689+01:00,11,80
2024-03-09 08:50:15.433155+01:00,16,80
2024-03-09 09:08:59.077888+01:00,19,80
2024-03-09 09:26:53.751480+01:00,26,80
2024-03-09 09:39:02.101852+01:00,33,80
2024-03-09 09:51:00.155179+01:00,33,80
2024-03-09 10:10:58.386889+01:00,36,80
2024-03-09 10:25:10.823463+01:00,38,80
2024-03-09 10:37:08.136081+01:00,40,80
2024-03-09 10:49:18.308605+01:00,31,80
2024-03-09 11:03:47.646716+01:00,31,80
2024-03-09 11:28:07.892825+01:00,38,80
2024-03-09 11:39:49.356601+01:00,38,80
2024-03-09 11:51:57.230814+01:00,33,80
2024-03-09 12:10:40.131317+01:00,36,80
2024-03-09 12:22:17.339945+01:00,30,80
2024-03-09 12:34:43.541758+01:00,30,80
2024-03-09 12:46:42.054368+01:00,27,80
2024-03-09 12:58:40.117805+01:00,24,80
2024-03-09 13:30:25.546610+01:00,26,80
2024-03-09 13:48:03.943357+01:00,32,80
2024-03-09 13:59:53.427951+01:00,35,80
2024-03-09 14:18:32.790680+01:00,34,80
2024-03-09 14:30:20.438728+01:00,36,80
2024-03-09 14:42:03.960511+01:00,33,80
2024-03-09 14:54:11.515434+01:00,30,80
2024-03-09 15:14:26.518910+01:00,33,80
2024-03-09 15:28:23.018632+01:00,35,80
2024-03-09 15:40:26.324397+01:00,41,80
2024-03-09 15:52:28.316339+01:00,40,80
2024-03-09 16:09:46.737916+01:00,50,80
2024-03-09 16:22:09.405585+01:00,52,80
2024-03-09 16:34:17.910199+01:00,43,80
2024-03-09 16:46:23.493224+01:00,36,80
2024-03-09 16:58:19.192866+01:00,28,80
2024-03-09 17:23:29.323591+01:00,0,80
2024-03-09 17:37:35.119132+01:00,0,80
2024-03-09 17:49:19.825259+01:00,0,80
2024-03-09 18:02:40.642552+01:00,0,80
2024-03-09 18:21:32.263020+01:00,0,80
2024-03-09 18:33:45.962854+01:00,0,80
2024-03-09 18:45:28.591964+01:00,0,80
2024-03-09 18:57:22.658586+01:00,0,80
2024-03-09 19:21:08.042097+01:00,0,80
2024-03-09 19:33:07.162077+01:00,0,80
2024-03-09 19:45:08.615357+01:00,0,80
2024-03-09 19:57:03.512418+01:00,0,80
2024-03-09 20:13:24.253540+01:00,0,80
2024-03-09 20:25:19.326317+01:00,0,80
2024-03-09 20:37:27.589901+01:00,0,80
2024-03-09 20:49:05.736367+01:00,0,80
2024-03-09 21:03:01.006501+01:00,0,80
2024-03-09 21:19:24.827302+01:00,0,80
2024-03-09 21:31:44.103967+01:00,0,80
2024-03-09 21:43:15.720463+01:00,0,80
2024-03-09 21:55:10.289721+01:00,0,80
2024-03-09 22:15:15.577104+01:00,0,80
2024-03-09 22:27:17.691831+01:00,0,80
2024-03-09 22:39:09.008012+01:00,0,80
2024-03-09 22:50:56.662090+01:00,0,80
2024-03-09 23:08:27.458246+01:00,0,80
2024-03-09 23:27:15.462481+01:00,0,80
2024-03-09 23:38:58.298468+01:00,0,80
2024-03-09 23:51:04.070781+01:00,0,80
2024-03-10 00:09:12.260256+01:00,0,80
2024-03-10 00:23:54.824050+01:00,0,80
2024-03-10 00:36:25.334407+01:00,0,80
2024-03-10 00:48:31.026415+01:00,0,80
2024-03-10 01:00:19.947933+01:00,0,80
2024-03-10 02:23:21.026481+01:00,0,80
2024-03-10 03:06:05.417638+01:00,0,80
2024-03-10 03:30:03.970199+01:00,0,80
2024-03-10 03:41:54.116946+01:00,0,80
2024-03-10 03:53:58.988143+01:00,0,80
2024-03-10 04:14:30.187342+01:00,0,80
2024-03-10 04:26:34.171332+01:00,0,80
2024-03-10 04:38:43.345897+01:00,0,80
2024-03-10 04:50:37.548970+01:00,0,80
2024-03-10 05:09:37.204553+01:00,0,80
2024-03-10 05:28:03.773659+01:00,0,80
2024-03-10 05:39:59.753187+01:00,0,80
2024-03-10 05:51:59.789907+01:00,0,80
2024-03-10 06:10:01.116498+01:00,0,80
2024-03-10 06:39:03.103361+01:00,0,80
2024-03-10 06:50:51.329334+01:00,0,80
2024-03-10 07:10:11.863738+01:00,0,80
2024-03-10 07:26:39.017218+01:00,0,80
2024-03-10 07:38:34.829930+01:00,0,80
2024-03-10 07:50:28.065282+01:00,0,80
2024-03-10 08:08:02.223716+01:00,0,80
2024-03-10 08:22:22.558689+01:00,0,80
2024-03-10 08:34:25.167572+01:00,0,80
2024-03-10 08:46:29.852402+01:00,0,80
2024-03-10 08:58:11.104548+01:00,0,80
2024-03-10 09:22:37.688582+01:00,24,80
2024-03-10 09:34:43.505132+01:00,29,80
2024-03-10 09:46:21.703988+01:00,34,80
2024-03-10 09:58:26.231621+01:00,39,80
2024-03-10 10:19:39.677446+01:00,39,80
2024-03-10 10:27:56.933718+01:00,42,80
2024-03-10 10:31:30.711495+01:00,41,80
2024-03-10 10:43:33.890327+01:00,43,80
2024-03-10 10:55:23.263049+01:00,41,80
2024-03-10 11:15:26.597273+01:00,51,80
2024-03-10 11:28:44.823334+01:00,59,80
2024-03-10 11:40:45.060462+01:00,59,80
2024-03-10 11:52:35.396331+01:00,54,80
2024-03-10 12:09:18.196668+01:00,61,80
2024-03-10 12:21:13.728245+01:00,61,80
2024-03-10 12:33:11.119503+01:00,62,80
2024-03-10 12:45:14.257845+01:00,60,80
2024-03-10 12:57:11.433620+01:00,51,80
2024-03-10 13:30:04.992257+01:00,40,80
2024-03-10 13:47:48.326080+01:00,35,80
2024-03-10 13:59:53.721002+01:00,35,80
2024-03-10 14:20:55.220310+01:00,39,80
2024-03-10 14:32:51.566703+01:00,41,80
2024-03-10 14:44:25.692520+01:00,38,80
2024-03-10 14:56:32.395517+01:00,44,80
2024-03-10 15:15:52.606938+01:00,44,80
2024-03-10 15:27:39.738154+01:00,50,80
2024-03-10 15:39:25.337102+01:00,56,80
2024-03-10 15:51:13.229200+01:00,67,80
2024-03-10 16:07:58.086966+01:00,66,80
2024-03-10 16:21:10.316260+01:00,56,80
2024-03-10 16:33:09.682392+01:00,56,80
2024-03-10 16:45:02.213971+01:00,49,80
2024-03-10 16:56:52.090424+01:00,27,80
2024-03-10 17:21:27.855023+01:00,2,80
2024-03-10 17:36:01.292557+01:00,2,80
2024-03-10 17:47:48.428140+01:00,2,80
2024-03-10 17:59:45.500519+01:00,2,80
2024-03-10 18:19:48.635404+01:00,2,80
2024-03-10 18:32:02.734624+01:00,2,80
2024-03-10 18:43:48.502170+01:00,2,80
2024-03-10 18:55:44.081978+01:00,2,80
2024-03-10 19:18:20.752414+01:00,2,80
2024-03-10 19:30:14.106509+01:00,2,80
2024-03-10 19:42:13.812702+01:00,2,80
2024-03-10 19:54:15.358442+01:00,2,80
2024-03-10 20:10:24.884852+01:00,2,80
2024-03-10 20:22:26.971295+01:00,2,80
2024-03-10 20:34:30.516135+01:00,2,80
2024-03-10 20:46:26.525160+01:00,2,80
2024-03-10 20:58:15.429450+01:00,2,80
2024-03-10 21:20:31.109978+01:00,2,80
2024-03-10 21:32:33.202372+01:00,2,80
2024-03-10 21:44:35.813156+01:00,2,80
2024-03-10 21:56:27.205386+01:00,2,80
2024-03-10 22:14:16.750985+01:00,2,80
2024-03-10 22:26:17.669137+01:00,2,80
2024-03-10 22:38:58.178125+01:00,2,80
2024-03-10 22:50:09.338810+01:00,2,80
2024-03-10 23:08:30.011518+01:00,2,80
2024-03-10 23:26:54.507004+01:00,2,80
2024-03-10 23:38:44.913152+01:00,2,80
2024-03-10 23:50:31.470034+01:00,2,80
2024-03-11 00:08:06.304298+01:00,2,80
2024-03-11 00:22:46.012858+01:00,2,80
2024-03-11 00:35:51.817778+01:00,2,80
2024-03-11 00:47:36.425869+01:00,2,80
2024-03-11 00:59:24.199026+01:00,2,80
2024-03-11 02:18:44.814608+01:00,2,80
2024-03-11 02:58:55.163416+01:00,2,80
2024-03-11 03:26:09.046358+01:00,2,80
2024-03-11 03:38:12.276624+01:00,2,80
2024-03-11 03:50:18.508771+01:00,2,80
2024-03-11 04:10:11.142384+01:00,2,80
2024-03-11 04:27:15.482177+01:00,2,80
2024-03-11 04:38:57.973338+01:00,2,80
2024-03-11 04:51:06.279348+01:00,2,80
2024-03-11 05:11:03.234783+01:00,0,80
2024-03-11 05:29:22.635141+01:00,0,80
2024-03-11 05:41:26.987852+01:00,0,80
2024-03-11 05:53:16.286007+01:00,1,80
2024-03-11 06:13:06.712761+01:00,1,80
2024-03-11 06:28:56.829216+01:00,1,80
2024-03-11 06:40:58.742681+01:00,3,80
2024-03-11 06:53:02.419468+01:00,3,80
2024-03-11 07:15:37.949687+01:00,20,80
2024-03-11 07:33:38.503085+01:00,34,80
2024-03-11 07:45:28.806835+01:00,36,80
2024-03-11 08:41:16.408991+01:00,40,80
2024-03-11 08:53:29.853347+01:00,39,80
2024-03-11 09:16:45.405252+01:00,35,80
2024-03-11 09:30:34.513657+01:00,42,80
2024-03-11 09:42:16.497572+01:00,31,80
2024-03-11 10:28:04.044766+01:00,40,80
2024-03-11 10:39:54.335139+01:00,42,80
2024-03-11 10:52:14.009652+01:00,36,80
2024-03-11 11:12:36.723929+01:00,31,80
2024-03-11 11:31:20.947131+01:00,38,80
2024-03-11 11:43:35.873106+01:00,37,80
2024-03-11 12:14:22.531509+01:00,41,80
2024-03-11 12:25:59.858240+01:00,47,80
2024-03-11 12:37:53.863186+01:00,42,80
2024-03-11 13:41:56.937945+01:00,47,80
2024-03-11 14:20:18.964673+01:00,42,80
2024-03-11 14:32:40.184056+01:00,44,80
2024-03-11 14:44:13.134215+01:00,42,80
2024-03-11 14:56:29.985036+01:00,47,80
2024-03-11 15:16:07.295413+01:00,49,80
2024-03-11 15:29:00.605171+01:00,49,80
2024-03-11 15:40:53.359907+01:00,45,80
2024-03-11 15:52:34.019784+01:00,45,80
2024-03-11 16:12:22.888551+01:00,44,80
2024-03-11 16:25:55.596210+01:00,48,80
2024-03-11 16:39:34.766516+01:00,56,80
2024-03-11 16:51:04.431294+01:00,57,80
2024-03-11 17:10:54.003679+01:00,59,80
2024-03-11 17:29:39.320033+01:00,59,80
2024-03-11 17:41:44.663502+01:00,66,80
2024-03-11 17:53:37.392077+01:00,65,80
2024-03-11 18:12:27.302540+01:00,60,80
2024-03-11 18:26:40.592437+01:00,69,80
2024-03-11 18:38:37.523803+01:00,72,80
2024-03-11 18:51:08.551485+01:00,65,80
2024-03-11 19:10:56.574123+01:00,55,80
2024-03-11 19:28:10.569919+01:00,48,80
2024-03-11 19:40:13.109172+01:00,54,80
2024-03-11 19:57:26.823801+01:00,63,80
2024-03-11 20:17:36.741979+01:00,70,80
2024-03-11 20:29:16.548102+01:00,84,80
2024-03-11 20:41:13.188285+01:00,79,80
2024-03-11 20:53:03.735886+01:00,71,80
2024-03-11 21:13:52.955774+01:00,73,80
2024-03-11 21:26:29.714198+01:00,61,80
2024-03-11 21:38:46.598119+01:00,50,80
2024-03-11 21:50:45.867909+01:00,33,80
2024-03-11 22:08:22.072865+01:00,6,80
2024-03-11 22:23:23.253762+01:00,6,80
2024-03-11 22:36:44.068146+01:00,6,80
2024-03-11 22:48:41.240842+01:00,6,80
2024-03-11 23:00:44.407305+01:00,6,80
2024-03-11 23:21:08.134094+01:00,6,80
2024-03-11 23:34:41.889139+01:00,6,80
2024-03-11 23:46:41.638592+01:00,6,80
2024-03-11 23:58:30.643446+01:00,6,80
2024-03-12 00:19:06.067447+01:00,6,80
2024-03-12 00:31:16.651186+01:00,6,80
2024-03-12 00:43:14.622128+01:00,6,80
2024-03-12 00:55:29.162283+01:00,6,80
2024-03-12 02:07:51.401312+01:00,6,80
2024-03-12 02:55:47.711504+01:00,6,80
2024-03-12 03:20:57.934315+01:00,6,80
2024-03-12 03:32:51.229333+01:00,6,80
2024-03-12 03:44:54.015126+01:00,6,80
2024-03-12 03:56:52.753639+01:00,6,80
2024-03-12 04:22:02.686756+01:00,6,80
2024-03-12 04:34:18.383245+01:00,6,80
2024-03-12 04:46:14.008817+01:00,6,80
2024-03-12 04:58:11.270511+01:00,6,80
2024-03-12 05:24:45.076649+01:00,0,80
2024-03-12 05:37:17.713844+01:00,0,80
2024-03-12 05:49:28.810698+01:00,0,80
2024-03-12 06:07:16.086269+01:00,1,80
2024-03-12 06:26:26.877628+01:00,2,80
2024-03-12 06:38:18.555180+01:00,2,80
2024-03-12 06:50:05.586231+01:00,2,80
2024-03-12 07:09:58.159640+01:00,15,80
2024-03-12 07:27:53.960818+01:00,26,80
2024-03-12 07:40:06.250479+01:00,33,80
2024-03-12 07:51:57.105298+01:00,28,80
2024-03-12 08:10:06.419460+01:00,27,80
2024-03-12 08:22:04.806148+01:00,35,80
2024-03-12 08:34:47.444140+01:00,34,80
2024-03-12 08:46:36.500637+01:00,34,80
2024-03-12 08:58:18.602488+01:00,38,80
2024-03-12 09:22:39.488260+01:00,34,80
2024-03-12 09:35:07.949738+01:00,38,80
2024-03-12 09:47:01.438887+01:00,35,80
2024-03-12 09:59:10.492421+01:00,38,80
2024-03-12 10:24:07.193123+01:00,48,80
2024-03-12 10:36:02.970323+01:00,52,80
2024-03-12 11:00:00.460637+01:00,57,80
2024-03-12 11:22:12.933680+01:00,39,80
2024-03-12 11:34:23.220978+01:00,33,80
2024-03-12 11:46:22.796038+01:00,25,80
2024-03-12 11:58:48.163288+01:00,26,80
2024-03-12 12:16:49.995942+01:00,30,80
2024-03-12 12:27:35.776689+01:00,35,80
2024-03-12 12:39:44.213592+01:00,33,80
2024-03-12 12:51:43.416018+01:00,43,80
2024-03-12 13:17:21.924898+01:00,43,80
2024-03-12 13:43:00.187199+01:00,46,80
2024-03-12 13:57:07.250044+01:00,53,80
2024-03-12 14:19:46.444329+01:00,47,80
2024-03-12 14:32:02.200367+01:00,56,80
2024-03-12 14:43:51.228798+01:00,54,80
2024-03-12 14:55:50.057187+01:00,53,80
2024-03-12 15:15:25.001087+01:00,43,80
2024-03-12 15:28:30.740334+01:00,38,80
2024-03-12 15:40:15.589862+01:00,35,80
2024-03-12 15:52:16.502319+01:00,41,80
2024-03-12 16:10:54.196322+01:00,46,80
2024-03-12 16:24:06.558376+01:00,47,80
2024-03-12 16:38:40.423861+01:00,52,80
2024-03-12 16:50:22.987051+01:00,62,80
2024-03-12 17:10:20.764541+01:00,66,80
2024-03-12 17:29:56.883358+01:00,76,80
2024-03-12 17:42:00.456658+01:00,77,80
2024-03-12 17:53:56.058541+01:00,72,80
2024-03-12 18:12:53.503981+01:00,80,80
2024-03-12 18:27:28.192124+01:00,80,80
2024-03-12 18:39:27.930705+01:00,87,80
2024-03-12 18:51:30.218734+01:00,81,80
2024-03-12 19:12:05.565172+01:00,68,80
2024-03-12 19:28:23.569389+01:00,66,80
2024-03-12 19:40:20.402027+01:00,74,80
2024-03-12 19:52:09.608197+01:00,68,80
2024-03-12 20:10:42.839600+01:00,58,80
2024-03-12 20:22:23.911811+01:00,46,80
2024-03-12 20:35:06.172319+01:00,43,80
2024-03-12 20:47:10.033035+01:00,47,80
2024-03-12 20:59:01.100194+01:00,44,80
2024-03-12 21:20:49.249562+01:00,35,80
2024-03-12 21:33:00.421515+01:00,31,80
2024-03-12 21:44:41.113278+01:00,19,80
2024-03-12 21:56:25.205197+01:00,15,80
2024-03-12 22:16:29.675070+01:00,2,80
2024-03-12 22:28:38.560167+01:00,2,80
2024-03-12 22:40:44.627396+01:00,2,80
2024-03-12 22:52:31.801457+01:00,2,80
2024-03-12 23:10:32.481395+01:00,2,80
2024-03-12 23:27:30.061100+01:00,2,80
2024-03-12 23:39:33.918377+01:00,2,80
2024-03-12 23:51:48.096201+01:00,2,80
2024-03-13 00:10:55.150819+01:00,2,80
2024-03-13 00:25:00.812997+01:00,2,80
2024-03-13 00:37:16.912924+01:00,2,80
2024-03-13 00:49:09.835583+01:00,2,80
2024-03-13 01:27:04.955271+01:00,2,80
2024-03-13 02:35:15.773988+01:00,2,80
2024-03-13 03:07:07.075700+01:00,2,80
2024-03-13 03:29:37.037033+01:00,2,80
2024-03-13 03:41:36.559935+01:00,2,80
2024-03-13 03:53:46.790128+01:00,2,80
2024-03-13 04:15:32.928915+01:00,2,80
2024-03-13 04:27:34.279428+01:00,2,80
2024-03-13 04:39:15.674191+01:00,2,80
2024-03-13 04:51:10.367265+01:00,2,80
2024-03-13 05:10:44.871103+01:00,0,80
2024-03-13 05:27:07.976191+01:00,0,80
2024-03-13 05:39:07.344958+01:00,0,80
2024-03-13 05:51:11.772536+01:00,0,80
2024-03-13 06:09:58.103136+01:00,1,80
2024-03-13 06:28:26.375153+01:00,1,80
2024-03-13 06:40:11.176374+01:00,1,80
2024-03-13 06:52:03.300113+01:00,1,80
2024-03-13 07:14:22.296676+01:00,14,80
2024-03-13 07:30:05.829013+01:00,22,80
2024-03-13 07:42:04.334444+01:00,25,80
2024-03-13 07:53:49.432057+01:00,26,80
2024-03-13 08:12:18.101755+01:00,26,80
2024-03-13 08:24:28.899707+01:00,34,80
2024-03-13 08:37:05.043807+01:00,34,80
2024-03-13 08:48:44.532622+01:00,40,80
2024-03-13 09:00:42.240170+01:00,40,80
2024-03-13 09:23:40.714103+01:00,39,80
2024-03-13 09:36:46.284122+01:00,40,80
2024-03-13 09:48:47.190562+01:00,35,80
2024-03-13 10:00:52.165533+01:00,37,80
2024-03-13 10:20:03.846494+01:00,37,80
2024-03-13 10:32:18.403110+01:00,32,80
2024-03-13 10:43:55.397978+01:00,37,80
2024-03-13 10:55:50.079091+01:00,39,80
2024-03-13 11:17:35.418841+01:00,40,80
2024-03-13 11:30:42.970608+01:00,39,80
2024-03-13 11:42:39.136384+01:00,39,80
2024-03-13 11:54:48.407104+01:00,38,80
2024-03-13 12:15:09.570994+01:00,35,80
2024-03-13 12:27:06.630754+01:00,39,80
2024-03-13 12:39:05.191911+01:00,38,80
2024-03-13 12:51:04.009084+01:00,38,80
2024-03-13 13:15:58.321732+01:00,36,80
2024-03-13 13:43:22.943230+01:00,31,80
2024-03-13 13:57:34.697298+01:00,35,80
2024-03-13 14:19:26.423191+01:00,44,80
2024-03-13 14:31:38.425909+01:00,43,80
2024-03-13 14:43:20.272017+01:00,46,80
2024-03-13 14:55:10.744319+01:00,46,80
2024-03-13 15:14:35.876336+01:00,37,80
2024-03-13 15:28:15.953791+01:00,39,80
2024-03-13 15:40:10.551236+01:00,45,80
2024-03-13 15:52:21.568127+01:00,48,80
2024-03-13 16:11:53.826061+01:00,53,80
2024-03-13 16:25:00.478630+01:00,56,80
2024-03-13 16:37:15.415612+01:00,61,80
2024-03-13 16:49:14.146456+01:00,58,80
2024-03-13 17:04:39.043729+01:00,65,80
2024-03-13 17:26:15.754929+01:00,59,80
2024-03-13 17:38:32.819702+01:00,68,80
2024-03-13 17:50:37.200706+01:00,70,80
2024-03-13 18:08:26.515105+01:00,71,80
2024-03-13 18:25:25.511754+01:00,71,80
2024-03-13 18:37:34.912843+01:00,70,80
2024-03-13 18:49:40.667886+01:00,77,80
2024-03-13 19:08:25.791293+01:00,66,80
2024-03-13 19:26:31.641786+01:00,60,80
2024-03-13 19:38:33.377260+01:00,61,80
2024-03-13 19:50:46.097606+01:00,52,80
2024-03-13 20:07:32.763421+01:00,53,80
2024-03-13 20:19:35.592895+01:00,48,80
2024-03-13 20:31:25.470847+01:00,51,80
2024-03-13 20:43:39.763007+01:00,54,80
2024-03-13 20:55:36.682038+01:00,58,80
2024-03-13 21:15:18.192738+01:00,50,80
2024-03-13 21:27:30.606025+01:00,40,80
2024-03-13 21:39:15.648695+01:00,29,80
2024-03-13 21:51:15.833360+01:00,18,80
2024-03-13 22:10:18.993786+01:00,3,80
2024-03-13 22:23:19.658601+01:00,3,80
2024-03-13 22:35:23.782967+01:00,3,80
2024-03-13 22:47:19.056326+01:00,3,80
2024-03-13 22:59:16.103657+01:00,3,80
2024-03-13 23:19:21.812644+01:00,3,80
2024-03-13 23:31:43.444175+01:00,3,80
2024-03-13 23:43:29.137250+01:00,3,80
2024-03-13 23:55:17.497850+01:00,3,80
2024-03-14 00:15:44.285614+01:00,3,80
2024-03-14 00:27:43.340744+01:00,3,80
2024-03-14 00:39:51.340548+01:00,3,80
2024-03-14 00:51:38.720024+01:00,3,80
2024-03-14 01:43:14.849564+01:00,3,80
2024-03-14 02:36:31.820109+01:00,3,80
2024-03-14 03:05:42.810719+01:00,3,80
2024-03-14 03:26:47.380540+01:00,3,80
2024-03-14 03:38:35.535265+01:00,3,80
2024-03-14 03:50:41.507288+01:00,3,80
2024-03-14 04:09:42.477661+01:00,3,80
2024-03-14 04:24:05.134245+01:00,3,80
2024-03-14 04:36:04.717725+01:00,3,80
2024-03-14 04:47:54.585541+01:00,3,80
2024-03-14 04:59:33.360200+01:00,3,80
2024-03-14 05:22:11.186851+01:00,0,80
2024-03-14 05:34:20.650895+01:00,0,80
2024-03-14 05:46:19.483094+01:00,0,80
2024-03-14 05:58:02.564637+01:00,1,80
2024-03-14 06:18:45.684635+01:00,1,80
2024-03-14 06:30:33.753714+01:00,0,80
2024-03-14 06:42:13.110591+01:00,1,80
2024-03-14 06:54:11.849698+01:00,1,80
2024-03-14 07:17:51.803284+01:00,17,80
2024-03-14 07:31:08.072281+01:00,26,80
2024-03-14 07:42:57.994181+01:00,33,80
2024-03-14 07:54:43.702847+01:00,38,80
2024-03-14 08:16:26.971602+01:00,34,80
2024-03-14 08:28:23.243969+01:00,42,80
2024-03-14 08:40:27.697939+01:00,43,80
2024-03-14 08:52:34.371017+01:00,43,80
2024-03-14 09:14:19.553823+01:00,43,80
2024-03-14 09:28:45.056216+01:00,44,80
2024-03-14 09:40:34.631958+01:00,39,80
2024-03-14 09:52:27.203887+01:00,37,80
2024-03-14 10:11:13.553169+01:00,31,80
2024-03-14 10:23:54.658874+01:00,41,80
2024-03-14 10:36:26.188100+01:00,43,80
2024-03-14 10:48:29.099972+01:00,55,80
2024-03-14 11:00:19.777634+01:00,52,80
2024-03-14 11:23:10.831838+01:00,40,80
2024-03-14 11:35:15.124103+01:00,37,80
2024-03-14 11:47:11.631483+01:00,38,80
2024-03-14 11:58:53.753169+01:00,31,80
2024-03-14 12:16:19.176211+01:00,31,80
2024-03-14 12:28:12.773506+01:00,29,80
2024-03-14 12:40:12.323117+01:00,26,80
2024-03-14 12:52:18.969045+01:00,27,80
2024-03-14 13:20:20.820496+01:00,21,80
2024-03-14 13:44:41.018208+01:00,18,80
2024-03-14 13:58:16.184612+01:00,12,80
2024-03-14 14:20:55.506078+01:00,23,80
2024-03-14 14:33:11.011718+01:00,23,80
2024-03-14 14:44:51.039582+01:00,23,80
2024-03-14 14:56:53.421947+01:00,23,80
2024-03-14 15:17:43.264845+01:00,23,80
2024-03-14 15:29:48.145540+01:00,23,80
2024-03-14 15:41:57.926948+01:00,23,80
2024-03-14 15:53:56.462330+01:00,5,80
2024-03-14 16:13:52.079297+01:00,5,80
2024-03-14 16:25:56.287536+01:00,18,80
2024-03-14 16:37:47.189177+01:00,18,80
2024-03-14 16:49:23.936656+01:00,18,80
2024-03-14 17:07:59.325036+01:00,18,80
2024-03-14 17:28:49.795854+01:00,18,80
2024-03-14 17:40:52.092520+01:00,18,80
2024-03-14 17:52:57.194383+01:00,23,80
2024-03-14 18:10:57.223975+01:00,43,80
2024-03-14 18:25:52.066382+01:00,54,80
2024-03-14 18:37:51.285935+01:00,58,80
2024-03-14 18:49:43.098902+01:00,68,80
2024-03-14 19:08:29.563355+01:00,63,80
2024-03-14 19:27:14.737951+01:00,57,80
2024-03-14 19:39:01.285159+01:00,53,80
2024-03-14 19:51:22.213723+01:00,46,80
2024-03-14 20:07:16.096861+01:00,36,80
2024-03-14 20:19:40.122780+01:00,39,80
2024-03-14 20:31:29.063587+01:00,37,80
2024-03-14 20:43:19.302016+01:00,40,80
2024-03-14 20:55:17.297931+01:00,41,80
2024-03-14 21:17:21.567457+01:00,41,80
2024-03-14 21:29:21.306915+01:00,38,80
2024-03-14 21:41:08.926379+01:00,36,80
2024-03-14 21:53:04.896665+01:00,25,80
2024-03-14 22:11:31.269887+01:00,4,80
2024-03-14 22:23:14.223636+01:00,4,80
2024-03-14 22:35:35.759990+01:00,4,80
2024-03-14 22:47:22.640555+01:00,4,80
2024-03-14 22:59:08.426272+01:00,4,80
2024-03-14 23:19:08.478854+01:00,4,80
2024-03-14 23:31:00.700147+01:00,4,80
2024-03-14 23:43:10.002002+01:00,4,80
2024-03-14 23:54:52.787383+01:00,4,80
2024-03-15 00:15:07.168092+01:00,4,80
2024-03-15 00:26:43.247193+01:00,4,80
2024-03-15 00:39:11.909393+01:00,4,80
2024-03-15 00:50:59.363945+01:00,4,80
2024-03-15 01:39:35.166244+01:00,4,80
2024-03-15 02:36:55.383255+01:00,4,80
2024-03-15 03:07:41.299911+01:00,4,80
2024-03-15 03:28:36.134134+01:00,4,80
2024-03-15 03:40:29.106887+01:00,4,80
2024-03-15 03:52:17.021913+01:00,4,80
2024-03-15 04:12:52.641307+01:00,4,80
2024-03-15 04:26:31.162515+01:00,4,80
2024-03-15 04:39:52.295516+01:00,4,80
2024-03-15 04:51:59.246254+01:00,4,80
2024-03-15 05:13:15.965352+01:00,0,80
2024-03-15 05:29:22.497227+01:00,0,80
2024-03-15 05:41:30.017464+01:00,0,80
2024-03-15 05:53:35.562950+01:00,1,80
2024-03-15 06:13:25.576759+01:00,1,80
2024-03-15 06:28:33.894351+01:00,1,80
2024-03-15 06:40:20.170198+01:00,1,80
2024-03-15 06:52:21.442790+01:00,1,80
2024-03-15 07:14:22.384174+01:00,6,80
2024-03-15 07:30:08.700065+01:00,14,80
2024-03-15 07:41:45.119230+01:00,19,80
2024-03-15 07:53:50.618155+01:00,18,80
2024-03-15 08:13:04.882610+01:00,32,80
2024-03-15 08:24:53.337989+01:00,40,80
2024-03-15 08:38:05.916570+01:00,42,80
2024-03-15 08:50:03.480312+01:00,45,80
2024-03-15 09:09:58.239374+01:00,48,80
2024-03-15 09:28:54.654673+01:00,44,80
2024-03-15 09:41:13.989583+01:00,43,80
2024-03-15 09:53:01.302505+01:00,46,80
2024-03-15 10:11:59.640537+01:00,48,80
2024-03-15 10:23:57.194393+01:00,53,80
2024-03-15 10:36:17.514792+01:00,60,80
2024-03-15 10:48:26.947356+01:00,69,80
2024-03-15 11:00:17.281808+01:00,67,80
2024-03-15 11:22:12.376684+01:00,62,80
2024-03-15 11:35:07.688182+01:00,55,80
2024-03-15 11:47:15.440874+01:00,51,80
2024-03-15 11:59:05.241065+01:00,50,80
2024-03-15 12:15:26.702054+01:00,42,80
2024-03-15 12:27:29.653957+01:00,41,80
2024-03-15 12:39:28.974497+01:00,49,80
2024-03-15 12:51:30.045188+01:00,45,80
2024-03-15 13:16:50.496669+01:00,38,80
2024-03-15 13:42:36.864827+01:00,27,80
2024-03-15 13:56:51.355631+01:00,26,80
2024-03-15 14:19:51.818200+01:00,41,80
2024-03-15 14:31:53.806661+01:00,44,80
2024-03-15 14:43:38.081193+01:00,47,80
2024-03-15 14:55:44.374565+01:00,55,80
2024-03-15 15:15:39.138318+01:00,52,80
2024-03-15 15:28:20.260535+01:00,57,80
2024-03-15 15:40:22.552371+01:00,54,80
2024-03-15 15:52:27.216253+01:00,55,80
2024-03-15 16:11:23.650040+01:00,57,80
2024-03-15 16:24:04.991234+01:00,59,80
2024-03-15 16:36:05.589728+01:00,65,80
2024-03-15 16:47:50.081963+01:00,60,80
2024-03-15 16:59:44.999596+01:00,52,80
2024-03-15 17:25:14.870330+01:00,55,80
2024-03-15 17:38:14.689911+01:00,52,80
2024-03-15 17:50:00.773132+01:00,53,80
2024-03-15 18:07:20.307845+01:00,51,80
2024-03-15 18:24:54.909090+01:00,48,80
2024-03-15 18:36:41.131580+01:00,49,80
2024-03-15 18:48:35.876755+01:00,40,80
2024-03-15 19:00:27.639025+01:00,34,80
2024-03-15 19:24:44.532650+01:00,24,80
2024-03-15 19:36:30.382417+01:00,29,80
2024-03-15 19:48:21.192785+01:00,27,80
2024-03-15 20:00:30.579773+01:00,28,80
2024-03-15 20:15:58.843608+01:00,21,80
2024-03-15 20:28:03.262470+01:00,18,80
2024-03-15 20:39:51.776469+01:00,21,80
2024-03-15 20:51:59.652606+01:00,22,80
2024-03-15 21:13:01.730780+01:00,26,80
2024-03-15 21:26:14.573240+01:00,23,80
2024-03-15 21:38:15.319945+01:00,21,80
2024-03-15 21:50:17.271831+01:00,14,80
2024-03-15 22:06:36.002337+01:00,0,80
2024-03-15 22:19:24.839301+01:00,0,80
2024-03-15 22:31:40.014359+01:00,0,80
2024-03-15 22:43:22.640247+01:00,0,80
2024-03-15 22:55:27.090770+01:00,0,80
2024-03-15 23:15:55.111103+01:00,0,80
2024-03-15 23:29:30.302782+01:00,0,80
2024-03-15 23:41:20.367055+01:00,0,80
2024-03-15 23:53:17.726814+01:00,0,80
2024-03-16 00:12:36.747156+01:00,0,80
2024-03-16 00:24:45.398514+01:00,0,80
2024-03-16 00:36:38.055601+01:00,0,80
2024-03-16 00:48:41.655535+01:00,0,80
2024-03-16 01:00:33.301472+01:00,0,80
2024-03-16 02:17:21.626293+01:00,0,80
2024-03-16 02:57:14.372769+01:00,0,80
2024-03-16 03:22:25.808122+01:00,0,80
2024-03-16 03:35:39.489328+01:00,0,80
2024-03-16 03:47:31.111785+01:00,0,80
2024-03-16 03:59:25.226224+01:00,0,80
2024-03-16 04:21:17.843065+01:00,0,80
2024-03-16 04:33:39.286535+01:00,0,80
2024-03-16 04:45:38.556187+01:00,0,80
2024-03-16 04:57:24.141191+01:00,0,80
2024-03-16 05:22:57.886530+01:00,0,80
2024-03-16 05:35:04.233017+01:00,0,80
2024-03-16 05:46:57.517159+01:00,0,80
2024-03-16 05:58:55.976699+01:00,0,80
2024-03-16 06:20:55.147633+01:00,0,80
2024-03-16 06:32:52.721320+01:00,0,80
2024-03-16 06:44:36.688503+01:00,0,80
2024-03-16 06:56:38.684222+01:00,0,80
2024-03-16 07:21:16.865148+01:00,0,80
2024-03-16 07:34:52.466054+01:00,0,80
2024-03-16 07:46:48.860076+01:00,0,80
2024-03-16 07:58:37.945119+01:00,0,80
2024-03-16 08:16:40.671121+01:00,11,80
2024-03-16 08:28:37.027878+01:00,13,80
2024-03-16 08:40:32.145121+01:00,20,80
2024-03-16 08:52:20.504000+01:00,21,80
2024-03-16 09:12:54.436353+01:00,24,80
2024-03-16 09:27:20.298867+01:00,27,80
2024-03-16 09:40:02.311415+01:00,29,80
2024-03-16 09:51:43.569650+01:00,37,80
2024-03-16 10:09:18.986262+01:00,33,80
2024-03-16 10:21:05.260469+01:00,34,80
2024-03-16 10:33:05.700053+01:00,34,80
2024-03-16 10:44:41.376809+01:00,34,80
2024-03-16 10:56:28.336054+01:00,32,80
2024-03-16 11:19:17.790292+01:00,36,80
2024-03-16 11:31:20.768360+01:00,41,80
2024-03-16 11:43:24.169734+01:00,41,80
2024-03-16 11:55:08.328647+01:00,44,80
2024-03-16 12:11:32.614933+01:00,35,80
2024-03-16 12:23:23.580228+01:00,29,80
2024-03-16 12:35:27.410553+01:00,29,80
2024-03-16 12:47:26.926702+01:00,25,80
2024-03-16 12:59:08.912665+01:00,31,80
2024-03-16 13:33:52.124355+01:00,31,80
2024-03-16 13:51:40.987863+01:00,31,80
2024-03-16 14:10:16.729335+01:00,29,80
2024-03-16 14:23:13.623801+01:00,30,80
2024-03-16 14:35:30.800818+01:00,33,80
2024-03-16 14:47:24.367546+01:00,37,80
2024-03-16 14:59:05.469780+01:00,36,80
2024-03-16 15:18:22.746552+01:00,45,80
2024-03-16 15:30:19.930479+01:00,47,80
2024-03-16 15:42:13.670817+01:00,45,80
2024-03-16 15:54:17.959726+01:00,45,80
2024-03-16 16:12:37.514741+01:00,48,80
2024-03-16 16:24:28.811323+01:00,46,80
2024-03-16 16:36:23.238036+01:00,44,80
2024-03-16 16:48:28.557579+01:00,37,80
2024-03-16 17:00:13.947652+01:00,30,80
2024-03-16 17:22:19.906223+01:00,0,80
2024-03-16 17:35:27.586353+01:00,0,80
2024-03-16 17:47:19.362704+01:00,0,80
2024-03-16 17:59:12.778990+01:00,0,80
2024-03-16 18:19:13.530216+01:00,0,80
2024-03-16 18:31:16.164722+01:00,0,80
2024-03-16 18:43:22.092640+01:00,0,80
2024-03-16 18:55:06.113885+01:00,0,80
2024-03-16 19:20:20.961930+01:00,0,80
2024-03-16 19:34:35.270584+01:00,0,80
2024-03-16 19:46:38.398920+01:00,0,80
2024-03-16 19:58:35.264548+01:00,0,80
2024-03-16 20:14:49.513062+01:00,0,80
2024-03-16 20:26:36.731356+01:00,0,80
2024-03-16 20:38:18.747123+01:00,0,80
2024-03-16 20:50:14.206722+01:00,0,80
2024-03-16 21:08:01.908658+01:00,0,80
2024-03-16 21:21:51.055837+01:00,0,80
2024-03-16 21:35:17.775798+01:00,0,80
2024-03-16 21:47:10.289242+01:00,0,80
2024-03-16 21:58:59.730791+01:00,0,80
2024-03-16 22:15:49.442147+01:00,0,80
2024-03-16 22:27:59.251835+01:00,0,80
2024-03-16 22:39:45.984385+01:00,0,80
2024-03-16 22:51:46.097280+01:00,0,80
2024-03-16 23:09:35.422894+01:00,0,80
2024-03-16 23:25:55.623378+01:00,0,80
2024-03-16 23:37:55.183908+01:00,0,80
2024-03-16 23:49:47.908400+01:00,0,80
2024-03-17 00:07:19.044520+01:00,0,80
2024-03-17 00:22:45.149986+01:00,0,80
2024-03-17 00:35:42.374850+01:00,0,80
2024-03-17 00:47:44.761066+01:00,0,80
2024-03-17 00:59:47.440540+01:00,0,80
2024-03-17 02:23:11.634503+01:00,0,80
2024-03-17 03:03:30.373370+01:00,0,80
2024-03-17 03:27:07.717719+01:00,0,80
2024-03-17 03:39:05.764172+01:00,0,80
2024-03-17 03:51:01.257606+01:00,0,80
2024-03-17 04:09:12.694937+01:00,0,80
2024-03-17 04:23:05.872633+01:00,0,80
2024-03-17 04:35:12.780681+01:00,0,80
2024-03-17 04:46:57.933964+01:00,0,80
2024-03-17 04:58:47.134312+01:00,0,80
2024-03-17 05:21:50.266587+01:00,0,80
2024-03-17 05:34:17.671464+01:00,0,80
2024-03-17 05:46:04.066459+01:00,0,80
2024-03-17 05:58:09.921937+01:00,0,80
2024-03-17 06:19:43.684915+01:00,0,80
2024-03-17 06:31:40.715565+01:00,0,80
2024-03-17 06:43:20.350407+01:00,0,80
2024-03-17 06:55:14.867422+01:00,0,80
2024-03-17 07:18:41.431302+01:00,0,80
2024-03-17 07:30:31.791068+01:00,0,80
2024-03-17 07:42:31.634265+01:00,0,80
2024-03-17 07:54:33.901525+01:00,0,80
2024-03-17 08:12:19.458219+01:00,0,80
2024-03-17 08:24:05.038896+01:00,0,80
2024-03-17 08:36:08.873222+01:00,0,80
2024-03-17 08:47:48.955515+01:00,0,80
2024-03-17 08:59:31.626323+01:00,1,80
2024-03-17 09:21:20.570611+01:00,15,80
2024-03-17 09:35:15.410861+01:00,27,80
2024-03-17 09:47:19.916327+01:00,33,80
2024-03-17 09:59:19.650239+01:00,36,80
2024-03-17 10:17:54.601916+01:00,39,80
2024-03-17 10:29:49.333536+01:00,41,80
2024-03-17 10:41:45.479031+01:00,46,80
2024-03-17 10:53:44.582026+01:00,42,80
2024-03-17 11:12:34.516026+01:00,47,80
2024-03-17 11:27:29.740691+01:00,52,80
2024-03-17 11:39:26.837466+01:00,51,80
2024-03-17 11:51:33.812860+01:00,48,80
2024-03-17 12:08:21.239333+01:00,49,80
2024-03-17 12:20:01.514627+01:00,52,80
2024-03-17 12:32:17.361207+01:00,48,80
2024-03-17 12:44:16.445822+01:00,39,80
2024-03-17 12:56:03.628302+01:00,41,80
2024-03-17 13:29:36.148200+01:00,30,80
2024-03-17 13:48:23.352587+01:00,22,80
2024-03-17 14:00:28.302669+01:00,31,80
2024-03-17 14:21:37.861291+01:00,37,80
2024-03-17 14:34:22.127326+01:00,40,80
2024-03-17 14:46:06.184429+01:00,41,80
2024-03-17 14:58:07.885706+01:00,43,80
2024-03-17 15:16:16.345808+01:00,43,80
2024-03-17 15:28:01.762918+01:00,44,80
2024-03-17 15:39:58.511290+01:00,42,80
2024-03-17 15:51:50.345382+01:00,43,80
2024-03-17 16:10:42.683398+01:00,46,80
2024-03-17 16:23:38.411176+01:00,49,80
2024-03-17 16:35:40.959792+01:00,44,80
2024-03-17 16:47:46.998129+01:00,39,80
2024-03-17 16:59:28.367034+01:00,18,80
2024-03-17 17:22:33.259334+01:00,1,80
2024-03-17 17:34:35.293765+01:00,1,80
2024-03-17 17:46:32.835733+01:00,1,80
2024-03-17 17:58:44.233505+01:00,1,80
2024-03-17 18:16:44.571757+01:00,1,80
2024-03-17 18:28:24.369510+01:00,1,80
2024-03-17 18:40:07.547161+01:00,1,80
2024-03-17 18:51:53.381009+01:00,1,80
2024-03-17 19:11:27.585733+01:00,1,80
2024-03-17 19:26:05.550851+01:00,1,80
2024-03-17 19:38:23.974679+01:00,1,80
2024-03-17 19:50:14.736520+01:00,1,80
2024-03-17 20:06:00.967196+01:00,1,80
2024-03-17 20:17:54.953230+01:00,1,80
2024-03-17 20:29:35.515669+01:00,1,80
2024-03-17 20:41:24.133609+01:00,1,80
2024-03-17 20:53:17.953308+01:00,1,80
2024-03-17 21:12:46.308472+01:00,1,80
2024-03-17 21:24:40.958862+01:00,1,80
2024-03-17 21:36:37.960320+01:00,1,80
2024-03-17 21:48:46.934794+01:00,1,80
2024-03-17 22:00:35.716812+01:00,1,80
2024-03-17 22:18:19.218286+01:00,1,80
2024-03-17 22:30:06.825172+01:00,1,80
2024-03-17 22:42:05.484044+01:00,1,80
2024-03-17 22:54:01.710123+01:00,1,80
2024-03-17 23:12:09.649033+01:00,1,80
2024-03-17 23:26:15.427222+01:00,1,80
2024-03-17 23:38:29.902660+01:00,1,80
2024-03-17 23:50:06.872738+01:00,1,80
2024-03-18 00:08:52.664810+01:00,1,80
2024-03-18 00:23:43.682282+01:00,1,80
2024-03-18 00:36:11.293117+01:00,1,80
2024-03-18 00:48:18.859950+01:00,1,80
2024-03-18 01:00:05.775973+01:00,1,80
2024-03-18 02:19:19.769319+01:00,1,80
2024-03-18 02:59:00.707035+01:00,1,80
2024-03-18 03:24:49.233418+01:00,1,80
2024-03-18 03:36:39.508874+01:00,1,80
2024-03-18 03:48:49.698581+01:00,1,80
2024-03-18 04:00:55.111274+01:00,1,80
2024-03-18 04:21:45.638597+01:00,1,80
2024-03-18 04:34:46.868447+01:00,1,80
2024-03-18 04:46:42.441398+01:00,1,80
2024-03-18 04:58:27.484028+01:00,1,80
2024-03-18 05:21:56.416173+01:00,0,80
2024-03-18 05:34:24.720042+01:00,0,80
2024-03-18 05:46:24.983643+01:00,0,80
2024-03-18 05:58:23.851672+01:00,1,80
2024-03-18 06:20:35.101297+01:00,1,80
2024-03-18 06:32:52.771220+01:00,2,80
2024-03-18 06:44:58.644415+01:00,2,80
2024-03-18 06:56:58.999971+01:00,2,80
2024-03-18 07:24:20.894652+01:00,15,80
2024-03-18 07:37:11.088744+01:00,19,80
2024-03-18 07:49:09.548091+01:00,21,80
2024-03-18 08:04:33.556429+01:00,22,80
2024-03-18 08:19:53.250418+01:00,19,80
2024-03-18 08:31:56.423764+01:00,24,80
2024-03-18 08:43:48.372576+01:00,26,80
2024-03-18 08:55:45.753479+01:00,26,80
2024-03-18 09:20:35.391664+01:00,25,80
2024-03-18 09:33:14.636936+01:00,27,80
2024-03-18 09:45:24.476757+01:00,30,80
2024-03-18 09:57:17.261702+01:00,27,80
2024-03-18 10:18:55.763875+01:00,26,80
2024-03-18 10:30:46.729160+01:00,33,80
2024-03-18 10:42:39.287127+01:00,40,80
2024-03-18 10:54:43.885643+01:00,38,80
2024-03-18 11:16:28.049534+01:00,34,80
2024-03-18 11:30:56.789091+01:00,41,80
2024-03-18 11:42:59.151769+01:00,47,80
2024-03-18 11:54:58.936181+01:00,47,80
2024-03-18 12:13:16.354402+01:00,37,80
2024-03-18 12:25:29.476188+01:00,44,80
2024-03-18 12:37:27.141450+01:00,41,80
2024-03-18 12:49:10.240333+01:00,44,80
2024-03-18 13:10:26.884406+01:00,46,80
2024-03-18 13:41:46.135457+01:00,36,80
2024-03-18 13:58:04.369561+01:00,40,80
2024-03-18 14:20:45.325794+01:00,40,80
2024-03-18 14:32:47.546386+01:00,54,80
2024-03-18 14:44:43.662943+01:00,61,80
2024-03-18 14:56:47.057937+01:00,67,80
2024-03-18 15:18:31.038943+01:00,59,80
2024-03-18 15:30:16.218393+01:00,60,80
2024-03-18 15:42:02.833102+01:00,54,80
2024-03-18 15:53:51.342840+01:00,58,80
2024-03-18 16:13:30.294207+01:00,53,80
2024-03-18 16:25:12.520293+01:00,49,80
2024-03-18 16:37:58.881491+01:00,47,80
2024-03-18 16:49:52.134794+01:00,42,80
2024-03-18 17:09:18.789371+01:00,48,80
2024-03-18 17:30:23.216300+01:00,55,80
2024-03-18 17:41:53.200202+01:00,71,80
2024-03-18 17:53:51.523188+01:00,67,80
2024-03-18 18:13:33.646348+01:00,67,80
2024-03-18 18:27:31.154547+01:00,70,80
2024-03-18 18:39:32.919318+01:00,63,80
2024-03-18 18:51:28.063468+01:00,58,80
2024-03-18 19:11:55.719171+01:00,60,80
2024-03-18 19:28:08.050720+01:00,67,80
2024-03-18 19:40:15.078283+01:00,65,80
2024-03-18 19:52:04.909580+01:00,66,80
2024-03-18 20:09:06.479869+01:00,59,80
2024-03-18 20:21:11.588435+01:00,64,80
2024-03-18 20:33:30.380229+01:00,62,80
2024-03-18 20:45:18.102704+01:00,57,80
2024-03-18 20:57:19.085582+01:00,57,80
2024-03-18 21:19:48.407087+01:00,41,80
2024-03-18 21:31:48.425938+01:00,36,80
2024-03-18 21:43:25.812442+01:00,30,80
2024-03-18 21:55:11.469865+01:00,10,80
2024-03-18 22:15:32.239272+01:00,0,80
2024-03-18 22:27:44.752622+01:00,0,80
2024-03-18 22:39:20.010801+01:00,0,80
2024-03-18 22:51:18.557890+01:00,0,80
2024-03-18 23:09:24.968008+01:00,0,80
2024-03-18 23:26:40.294501+01:00,0,80
2024-03-18 23:38:22.911696+01:00,0,80
2024-03-18 23:50:14.668278+01:00,0,80
2024-03-19 00:08:00.854848+01:00,0,80
2024-03-19 00:22:47.230033+01:00,0,80
2024-03-19 00:35:10.336439+01:00,0,80
2024-03-19 00:47:08.879998+01:00,0,80
2024-03-19 00:59:07.984832+01:00,0,80
2024-03-19 02:18:40.674296+01:00,0,80
2024-03-19 02:59:02.464813+01:00,0,80
2024-03-19 03:24:22.014947+01:00,0,80
2024-03-19 03:36:26.901656+01:00,0,80
2024-03-19 03:48:18.455886+01:00,0,80
2024-03-19 04:00:02.131504+01:00,0,80
2024-03-19 04:20:17.515816+01:00,0,80
2024-03-19 04:32:32.059660+01:00,0,80
2024-03-19 04:44:14.918954+01:00,0,80
2024-03-19 04:56:20.121824+01:00,0,80
2024-03-19 05:20:56.641903+01:00,0,80
2024-03-19 05:34:15.839640+01:00,0,80
2024-03-19 05:46:18.541819+01:00,0,80
2024-03-19 05:58:04.625712+01:00,1,80
2024-03-19 06:19:47.152096+01:00,2,80
2024-03-19 06:31:49.473695+01:00,1,80
2024-03-19 06:43:37.183406+01:00,1,80
2024-03-19 06:55:30.030443+01:00,1,80
2024-03-19 07:20:29.235283+01:00,30,80
2024-03-19 07:32:22.442857+01:00,41,80
2024-03-19 07:44:31.896437+01:00,43,80
2024-03-19 07:56:29.118213+01:00,39,80
2024-03-19 08:17:24.034191+01:00,37,80
2024-03-19 08:29:10.512619+01:00,42,80
2024-03-19 08:41:10.390202+01:00,37,80
2024-03-19 08:53:13.779633+01:00,34,80
2024-03-19 09:15:27.618690+01:00,40,80
2024-03-19 09:29:12.295942+01:00,35,80
2024-03-19 09:41:12.793091+01:00,33,80
2024-03-19 09:53:10.337209+01:00,30,80
2024-03-19 10:12:11.224838+01:00,37,80
2024-03-19 10:24:04.105369+01:00,32,80
2024-03-19 10:36:48.662107+01:00,37,80
2024-03-19 10:48:21.046874+01:00,43,80
2024-03-19 11:00:23.567307+01:00,37,80
2024-03-19 11:22:56.782991+01:00,29,80
2024-03-19 11:34:45.514066+01:00,32,80
2024-03-19 11:46:52.877332+01:00,26,80
2024-03-19 11:58:46.661014+01:00,26,80
2024-03-19 12:16:20.667489+01:00,36,80
2024-03-19 12:28:17.744987+01:00,40,80
2024-03-19 12:40:17.125854+01:00,52,80
2024-03-19 12:52:19.152655+01:00,65,80
2024-03-19 13:19:22.403063+01:00,62,80
2024-03-19 13:43:55.671256+01:00,41,80
2024-03-19 13:55:52.502178+01:00,41,80
2024-03-19 14:18:06.384998+01:00,47,80
2024-03-19 14:30:05.028710+01:00,52,80
2024-03-19 14:41:51.751471+01:00,52,80
2024-03-19 14:53:56.708486+01:00,48,80
2024-03-19 15:12:46.812316+01:00,43,80
2024-03-19 15:27:59.930893+01:00,39,80
2024-03-19 15:40:03.377779+01:00,40,80
2024-03-19 15:52:06.533847+01:00,37,80
2024-03-19 16:11:53.062896+01:00,40,80
2024-03-19 16:26:33.956518+01:00,45,80
2024-03-19 16:38:20.218485+01:00,45,80
2024-03-19 16:50:00.508374+01:00,51,80
2024-03-19 17:09:39.316927+01:00,59,80
2024-03-19 17:31:32.705621+01:00,59,80
2024-03-19 17:43:07.742032+01:00,63,80
2024-03-19 17:54:55.166919+01:00,60,80
2024-03-19 18:14:12.739136+01:00,64,80
2024-03-19 18:27:58.010381+01:00,57,80
2024-03-19 18:40:03.596413+01:00,59,80
2024-03-19 18:52:07.451595+01:00,70,80
2024-03-19 19:13:27.195079+01:00,63,80
2024-03-19 19:28:54.784946+01:00,57,80
2024-03-19 19:41:04.820234+01:00,60,80
2024-03-19 19:53:12.069230+01:00,56,80
2024-03-19 20:10:51.065273+01:00,58,80
2024-03-19 20:22:38.105938+01:00,56,80
2024-03-19 20:34:58.189574+01:00,54,80
2024-03-19 20:47:02.534809+01:00,53,80
2024-03-19 20:59:04.577095+01:00,51,80
2024-03-19 21:20:02.284501+01:00,45,80
2024-03-19 21:32:39.404222+01:00,38,80
2024-03-19 21:44:24.062885+01:00,24,80
2024-03-19 21:56:17.523985+01:00,15,80
2024-03-19 22:15:16.979025+01:00,2,80
2024-03-19 22:27:00.897836+01:00,2,80
2024-03-19 22:38:49.319716+01:00,2,80
2024-03-19 22:50:41.869382+01:00,2,80
2024-03-19 23:07:57.482183+01:00,2,80
2024-03-19 23:25:54.931558+01:00,2,80
2024-03-19 23:37:48.796159+01:00,2,80
2024-03-19 23:49:48.715486+01:00,2,80
2024-03-20 00:07:30.374045+01:00,2,80
2024-03-20 00:23:12.469485+01:00,2,80
2024-03-20 00:35:32.739121+01:00,2,80
2024-03-20 00:47:43.847018+01:00,2,80
2024-03-20 00:59:33.603002+01:00,2,80
2024-03-20 02:18:26.929100+01:00,2,80
2024-03-20 02:57:45.129678+01:00,2,80
2024-03-20 03:23:29.932474+01:00,2,80
2024-03-20 03:35:21.808491+01:00,2,80
2024-03-20 03:47:09.028860+01:00,2,80
2024-03-20 03:59:01.056166+01:00,2,80
2024-03-20 04:20:23.581310+01:00,2,80
2024-03-20 04:32:49.318589+01:00,2,80
2024-03-20 04:44:34.271742+01:00,2,80
2024-03-20 04:56:27.411828+01:00,2,80
2024-03-20 05:22:36.488110+01:00,0,80
2024-03-20 05:34:42.994762+01:00,0,80
2024-03-20 05:46:44.033522+01:00,0,80
2024-03-20 05:58:40.186085+01:00,0,80
2024-03-20 06:21:41.474354+01:00,1,80
2024-03-20 06:34:03.693192+01:00,1,80
2024-03-20 06:45:53.498790+01:00,1,80
2024-03-20 06:57:46.480976+01:00,2,80
2024-03-20 07:24:44.760656+01:00,25,80
2024-03-20 07:37:57.897902+01:00,28,80
2024-03-20 07:49:44.118395+01:00,27,80
2024-03-20 08:08:52.474224+01:00,22,80
2024-03-20 08:21:56.718306+01:00,31,80
2024-03-20 08:35:46.782218+01:00,25,80
2024-03-20 08:47:51.656454+01:00,23,80
2024-03-20 08:59:34.255157+01:00,23,80
2024-03-20 09:23:26.110013+01:00,24,80
2024-03-20 09:36:13.052055+01:00,27,80
2024-03-20 09:48:17.244910+01:00,26,80
2024-03-20 10:00:22.227218+01:00,16,80
2024-03-20 10:20:26.558275+01:00,27,80
2024-03-20 10:32:47.770150+01:00,28,80
2024-03-20 10:44:47.686367+01:00,27,80
2024-03-20 10:56:30.679801+01:00,33,80
2024-03-20 11:18:47.369690+01:00,35,80
2024-03-20 11:30:46.325900+01:00,41,80
2024-03-20 11:42:54.152331+01:00,45,80
2024-03-20 11:54:51.989342+01:00,31,80
2024-03-20 12:13:31.578503+01:00,41,80
2024-03-20 12:24:46.682892+01:00,45,80
2024-03-20 12:36:53.545249+01:00,47,80
2024-03-20 12:48:55.875021+01:00,46,80
2024-03-20 13:09:34.905255+01:00,41,80
2024-03-20 13:38:51.029996+01:00,44,80
2024-03-20 13:55:26.784491+01:00,52,80
2024-03-20 14:20:07.548185+01:00,49,80
2024-03-20 14:32:20.082053+01:00,57,80
2024-03-20 14:44:10.706617+01:00,60,80
2024-03-20 14:55:57.931923+01:00,61,80
2024-03-20 15:15:53.469320+01:00,53,80
2024-03-20 15:29:16.220098+01:00,54,80
2024-03-20 15:41:46.992306+01:00,54,80
2024-03-20 15:53:43.887171+01:00,54,80
2024-03-20 16:14:20.845300+01:00,56,80
2024-03-20 16:27:51.590792+01:00,60,80
2024-03-20 16:39:55.870015+01:00,62,80
2024-03-20 16:51:43.770806+01:00,57,80
2024-03-20 17:14:02.581314+01:00,58,80
2024-03-20 17:32:28.513933+01:00,50,80
2024-03-20 17:44:08.293614+01:00,45,80
2024-03-20 17:56:06.732034+01:00,53,80
2024-03-20 18:14:49.158883+01:00,55,80
2024-03-20 18:27:35.842844+01:00,59,80
2024-03-20 18:39:30.856368+01:00,56,80
2024-03-20 18:51:37.059834+01:00,61,80
2024-03-20 19:11:59.150476+01:00,54,80
2024-03-20 19:29:29.756282+01:00,49,80
2024-03-20 19:41:20.116776+01:00,56,80
2024-03-20 19:53:18.991477+01:00,60,80
2024-03-20 20:10:14.179803+01:00,65,80
2024-03-20 20:21:59.949312+01:00,65,80
2024-03-20 20:35:25.070133+01:00,57,80
2024-03-20 20:47:03.754215+01:00,52,80
2024-03-20 20:58:54.328479+01:00,59,80
2024-03-20 21:20:01.713132+01:00,42,80
2024-03-20 21:32:19.303885+01:00,33,80
2024-03-20 21:44:13.469996+01:00,24,80
2024-03-20 21:56:03.311834+01:00,16,80
2024-03-20 22:16:47.706534+01:00,4,80
2024-03-20 22:28:36.497569+01:00,4,80
2024-03-20 22:40:42.764644+01:00,4,80
2024-03-20 22:52:52.828838+01:00,4,80
2024-03-20 23:10:19.629082+01:00,4,80
2024-03-20 23:25:59.678475+01:00,4,80
2024-03-20 23:37:59.607848+01:00,4,80
2024-03-20 23:49:58.269536+01:00,4,80
2024-03-21 00:08:59.341366+01:00,4,80
2024-03-21 00:23:55.255019+01:00,4,80
2024-03-21 00:36:03.191906+01:00,4,80
2024-03-21 00:48:00.555830+01:00,4,80
2024-03-21 00:59:44.856899+01:00,4,80
2024-03-21 02:19:31.284147+01:00,4,80
2024-03-21 03:01:06.790308+01:00,4,80
2024-03-21 03:27:30.705245+01:00,4,80
2024-03-21 03:39:35.849018+01:00,4,80
2024-03-21 03:51:28.758131+01:00,4,80
2024-03-21 04:11:54.798698+01:00,4,80
2024-03-21 04:25:43.445959+01:00,4,80
2024-03-21 04:38:04.850646+01:00,4,80
2024-03-21 04:49:59.992786+01:00,4,80
2024-03-21 05:09:34.682271+01:00,0,80
2024-03-21 05:28:34.805842+01:00,0,80
2024-03-21 05:40:22.420439+01:00,0,80
2024-03-21 05:52:30.370609+01:00,1,80
2024-03-21 06:10:48.663450+01:00,1,80
2024-03-21 06:26:40.581484+01:00,1,80
2024-03-21 06:38:46.313481+01:00,0,80
2024-03-21 06:50:51.395220+01:00,0,80
2024-03-21 07:11:14.731649+01:00,8,80
2024-03-21 07:28:48.477645+01:00,25,80
2024-03-21 07:41:22.360196+01:00,34,80
2024-03-21 07:53:29.022896+01:00,36,80
2024-03-21 08:12:27.684889+01:00,30,80
2024-03-21 08:24:33.706779+01:00,40,80
2024-03-21 08:36:41.463423+01:00,42,80
2024-03-21 08:48:44.219649+01:00,44,80
2024-03-21 09:00:44.130816+01:00,46,80
2024-03-21 09:23:21.642512+01:00,46,80
2024-03-21 09:36:36.924141+01:00,42,80
2024-03-21 09:48:26.323359+01:00,36,80
2024-03-21 10:00:17.488411+01:00,29,80
2024-03-21 10:19:58.148473+01:00,34,80
2024-03-21 10:32:11.886199+01:00,27,80
2024-03-21 10:43:56.830432+01:00,33,80
2024-03-21 10:55:49.786550+01:00,43,80
2024-03-21 11:16:28.882508+01:00,51,80
2024-03-21 11:29:55.609449+01:00,54,80
2024-03-21 11:41:52.245594+01:00,53,80
2024-03-21 11:54:02.480667+01:00,45,80
2024-03-21 12:12:01.968953+01:00,35,80
2024-03-21 12:24:12.621408+01:00,39,80
2024-03-21 12:36:03.258917+01:00,47,80
2024-03-21 12:48:07.491181+01:00,42,80
2024-03-21 12:59:57.403556+01:00,38,80
2024-03-21 13:34:00.664887+01:00,40,80
2024-03-21 13:53:35.028322+01:00,34,80
2024-03-21 14:15:36.772370+01:00,19,80
2024-03-21 14:27:45.295935+01:00,21,80
2024-03-21 14:39:43.925712+01:00,21,80
2024-03-21 14:51:35.196824+01:00,21,80
2024-03-21 15:10:31.711271+01:00,21,80
2024-03-21 15:26:28.642509+01:00,21,80
2024-03-21 15:38:40.507734+01:00,21,80
2024-03-21 15:50:35.345525+01:00,4,80
2024-03-21 16:09:34.846056+01:00,8,80
2024-03-21 16:24:15.473173+01:00,18,80
2024-03-21 16:38:22.135175+01:00,18,80
2024-03-21 16:49:58.883929+01:00,20,80
2024-03-21 17:10:14.412592+01:00,18,80
2024-03-21 17:31:50.810598+01:00,18,80
2024-03-21 17:43:54.983254+01:00,18,80
2024-03-21 17:56:05.931942+01:00,22,80
2024-03-21 18:15:31.006179+01:00,48,80
2024-03-21 18:27:28.760091+01:00,53,80
2024-03-21 18:39:36.926662+01:00,71,80
2024-03-21 18:51:36.846747+01:00,72,80
2024-03-21 19:12:30.613684+01:00,67,80
2024-03-21 19:28:43.995377+01:00,60,80
2024-03-21 19:40:35.395626+01:00,52,80
2024-03-21 19:52:17.928624+01:00,47,80
2024-03-21 20:10:00.018277+01:00,37,80
2024-03-21 20:21:40.408009+01:00,35,80
2024-03-21 20:35:09.863351+01:00,35,80
2024-03-21 20:46:57.517442+01:00,36,80
2024-03-21 20:58:48.906102+01:00,43,80
2024-03-21 21:19:53.698905+01:00,37,80
2024-03-21 21:32:20.243851+01:00,33,80
2024-03-21 21:44:02.396427+01:00,25,80
2024-03-21 21:55:55.178317+01:00,17,80
2024-03-21 22:16:18.037413+01:00,0,80
2024-03-21 22:28:19.762971+01:00,0,80
2024-03-21 22:40:17.952722+01:00,0,80
2024-03-21 22:52:15.966897+01:00,0,80
2024-03-21 23:10:51.896224+01:00,0,80
2024-03-21 23:27:23.306842+01:00,0,80
2024-03-21 23:39:41.949299+01:00,0,80
2024-03-21 23:51:45.735237+01:00,0,80
2024-03-22 00:11:23.832785+01:00,0,80
2024-03-22 00:26:36.626511+01:00,0,80
2024-03-22 00:38:45.065073+01:00,0,80
2024-03-22 00:50:46.152772+01:00,0,80
2024-03-22 01:38:03.641288+01:00,0,80
2024-03-22 02:35:08.595422+01:00,0,80
2024-03-22 03:05:11.475040+01:00,0,80
2024-03-22 03:26:59.704467+01:00,0,80
2024-03-22 03:38:54.816102+01:00,0,80
2024-03-22 03:50:45.545216+01:00,0,80
2024-03-22 04:09:32.147692+01:00,0,80
2024-03-22 04:24:10.630256+01:00,0,80
2024-03-22 04:36:19.203377+01:00,0,80
2024-03-22 04:47:59.079777+01:00,0,80
2024-03-22 04:59:59.283334+01:00,0,80
2024-03-22 05:22:15.201382+01:00,0,80
2024-03-22 05:34:26.355337+01:00,0,80
2024-03-22 05:46:10.419217+01:00,0,80
2024-03-22 05:57:55.058208+01:00,0,80
2024-03-22 06:21:23.792593+01:00,1,80
2024-03-22 06:34:34.241444+01:00,1,80
2024-03-22 06:46:36.323423+01:00,1,80
2024-03-22 06:58:38.483114+01:00,1,80
2024-03-22 07:23:55.029555+01:00,11,80
2024-03-22 07:36:18.226591+01:00,17,80
2024-03-22 07:48:22.079489+01:00,22,80
2024-03-22 08:00:06.633457+01:00,24,80
2024-03-22 08:17:59.202614+01:00,30,80
2024-03-22 08:29:44.020843+01:00,33,80
2024-03-22 08:41:46.874822+01:00,35,80
2024-03-22 08:53:40.879494+01:00,38,80
2024-03-22 09:16:37.976575+01:00,39,80
2024-03-22 09:29:29.460477+01:00,36,80
2024-03-22 09:41:13.672287+01:00,29,80
2024-03-22 09:53:05.097826+01:00,34,80
2024-03-22 10:13:43.077419+01:00,49,80
2024-03-22 10:26:28.050018+01:00,51,80
2024-03-22 10:39:00.575816+01:00,56,80
2024-03-22 10:50:35.027095+01:00,55,80
2024-03-22 11:09:49.690471+01:00,57,80
2024-03-22 11:28:57.454898+01:00,48,80
2024-03-22 11:40:53.868393+01:00,37,80
2024-03-22 11:53:07.009935+01:00,31,80
2024-03-22 12:10:26.942955+01:00,26,80
2024-03-22 12:22:18.221802+01:00,32,80
2024-03-22 12:34:38.140589+01:00,30,80
2024-03-22 12:46:19.578084+01:00,34,80
2024-03-22 12:58:19.460253+01:00,40,80
2024-03-22 13:33:31.770600+01:00,29,80
2024-03-22 13:52:10.973623+01:00,35,80
2024-03-22 14:11:04.757231+01:00,34,80
2024-03-22 14:24:00.677869+01:00,38,80
2024-03-22 14:36:41.238277+01:00,43,80
2024-03-22 14:48:41.510760+01:00,41,80
2024-03-22 15:00:31.621098+01:00,44,80
2024-03-22 15:21:36.892558+01:00,46,80
2024-03-22 15:33:39.753486+01:00,44,80
2024-03-22 15:45:31.684545+01:00,42,80
2024-03-22 15:57:17.234654+01:00,42,80
2024-03-22 16:18:11.238503+01:00,44,80
2024-03-22 16:30:00.542905+01:00,48,80
2024-03-22 16:41:54.204803+01:00,45,80
2024-03-22 16:53:54.714460+01:00,53,80
2024-03-22 17:17:41.927148+01:00,52,80
2024-03-22 17:32:58.398674+01:00,52,80
2024-03-22 17:44:38.722094+01:00,52,80
2024-03-22 17:56:31.164755+01:00,42,80
2024-03-22 18:15:29.921219+01:00,44,80
2024-03-22 18:27:18.287086+01:00,45,80
2024-03-22 18:39:02.771823+01:00,46,80
2024-03-22 18:51:01.383681+01:00,50,80
2024-03-22 19:11:21.763845+01:00,46,80
2024-03-22 19:27:27.329007+01:00,44,80
2024-03-22 19:39:01.841228+01:00,56,80
2024-03-22 19:51:07.855721+01:00,43,80
2024-03-22 20:08:15.082818+01:00,42,80
2024-03-22 20:20:13.721795+01:00,36,80
2024-03-22 20:32:33.291119+01:00,31,80
2024-03-22 20:44:25.349670+01:00,33,80
2024-03-22 20:56:25.986884+01:00,31,80
2024-03-22 21:17:46.510289+01:00,36,80
2024-03-22 21:29:31.146053+01:00,30,80
2024-03-22 21:41:28.538239+01:00,29,80
2024-03-22 21:53:21.092138+01:00,19,80
2024-03-22 22:11:40.370964+01:00,3,80
2024-03-22 22:23:31.051939+01:00,3,80
2024-03-22 22:35:48.557167+01:00,3,80
2024-03-22 22:47:41.462473+01:00,3,80
2024-03-22 22:59:33.731269+01:00,3,80
2024-03-22 23:20:00.610670+01:00,3,80
2024-03-22 23:32:00.788712+01:00,3,80
2024-03-22 23:43:46.211509+01:00,3,80
2024-03-22 23:55:38.108916+01:00,3,80
2024-03-23 00:15:45.534285+01:00,3,80
2024-03-23 00:27:33.955381+01:00,3,80
2024-03-23 00:39:45.155505+01:00,3,80
2024-03-23 00:51:45.105660+01:00,3,80
2024-03-23 01:43:48.669854+01:00,3,80
2024-03-23 02:34:29.682186+01:00,3,80
2024-03-23 03:06:04.763562+01:00,3,80
2024-03-23 03:26:52.584032+01:00,3,80
2024-03-23 03:38:49.095711+01:00,3,80
2024-03-23 03:50:34.001320+01:00,3,80
2024-03-23 04:10:16.044213+01:00,3,80
2024-03-23 04:24:42.219169+01:00,3,80
2024-03-23 04:37:29.379886+01:00,3,80
2024-03-23 04:49:30.137520+01:00,3,80
2024-03-23 05:08:43.440481+01:00,0,80
2024-03-23 05:27:27.947208+01:00,0,80
2024-03-23 05:39:05.082136+01:00,0,80
2024-03-23 05:51:02.900143+01:00,0,80
2024-03-23 06:09:15.811099+01:00,0,80
2024-03-23 06:27:00.337479+01:00,0,80
2024-03-23 06:38:51.767927+01:00,0,80
2024-03-23 06:50:34.858098+01:00,0,80
2024-03-23 07:13:48.036115+01:00,0,80
2024-03-23 07:31:53.646793+01:00,0,80
2024-03-23 07:43:45.767559+01:00,0,80
2024-03-23 07:55:40.423022+01:00,2,80
2024-03-23 08:15:58.652014+01:00,5,80
2024-03-23 08:27:47.574649+01:00,9,80
2024-03-23 08:39:33.859803+01:00,12,80
2024-03-23 08:51:27.357964+01:00,16,80
2024-03-23 09:11:00.507126+01:00,19,80
2024-03-23 09:25:51.810571+01:00,23,80
2024-03-23 09:37:58.265398+01:00,26,80
2024-03-23 09:50:08.948944+01:00,28,80
2024-03-23 10:07:49.587142+01:00,34,80
2024-03-23 10:21:33.416898+01:00,32,80
2024-03-23 10:33:47.448475+01:00,34,80
2024-03-23 10:45:21.709013+01:00,33,80
2024-03-23 10:57:20.790985+01:00,37,80
2024-03-23 11:20:55.052620+01:00,40,80
2024-03-23 11:31:06.579031+01:00,40,80
2024-03-23 11:42:52.180209+01:00,42,80
2024-03-23 11:54:55.922826+01:00,37,80
2024-03-23 12:11:23.485432+01:00,36,80
2024-03-23 12:23:14.759889+01:00,35,80
2024-03-23 12:35:55.566614+01:00,34,80
2024-03-23 12:47:49.817047+01:00,40,80
2024-03-23 12:59:40.224874+01:00,37,80
2024-03-23 13:34:37.296853+01:00,32,80
2024-03-23 13:52:53.058224+01:00,25,80
2024-03-23 14:11:27.617114+01:00,32,80
2024-03-23 14:23:41.918043+01:00,39,80
2024-03-23 14:35:49.474437+01:00,41,80
2024-03-23 14:47:52.780918+01:00,46,80
2024-03-23 14:59:39.864920+01:00,40,80
2024-03-23 15:18:07.770508+01:00,41,80
2024-03-23 15:30:03.550970+01:00,42,80
2024-03-23 15:42:02.389353+01:00,44,80
2024-03-23 15:54:08.667153+01:00,47,80
2024-03-23 16:15:30.706795+01:00,45,80
2024-03-23 16:27:17.061065+01:00,42,80
2024-03-23 16:39:06.927524+01:00,41,80
2024-03-23 16:50:50.607744+01:00,31,80
2024-03-23 17:09:15.247112+01:00,1,80
2024-03-23 17:28:31.369543+01:00,1,80
2024-03-23 17:40:15.802592+01:00,1,80
2024-03-23 17:52:24.827106+01:00,1,80
2024-03-23 18:10:06.281346+01:00,1,80
2024-03-23 18:24:59.111278+01:00,1,80
2024-03-23 18:37:11.077682+01:00,1,80
2024-03-23 18:49:13.720888+01:00,1,80
2024-03-23 19:06:52.179062+01:00,1,80
2024-03-23 19:24:53.383398+01:00,1,80
2024-03-23 19:37:00.916013+01:00,1,80
2024-03-23 19:49:04.601456+01:00,1,80
2024-03-23 20:01:42.745735+01:00,1,80
2024-03-23 20:15:40.382715+01:00,1,80
2024-03-23 20:27:51.724922+01:00,1,80
2024-03-23 20:39:40.793284+01:00,1,80
2024-03-23 20:51:43.875535+01:00,1,80
2024-03-23 21:10:34.411719+01:00,1,80
2024-03-23 21:23:46.195430+01:00,1,80
2024-03-23 21:35:53.770476+01:00,1,80
2024-03-23 21:47:54.111851+01:00,1,80
2024-03-23 21:59:49.746877+01:00,1,80
2024-03-23 22:15:53.989590+01:00,1,80
2024-03-23 22:27:57.440668+01:00,1,80
2024-03-23 22:39:58.512580+01:00,1,80
2024-03-23 22:51:43.037998+01:00,1,80
2024-03-23 23:09:33.468756+01:00,1,80
2024-03-23 23:25:53.392531+01:00,1,80
2024-03-23 23:37:59.361133+01:00,1,80
2024-03-23 23:49:59.770546+01:00,1,80
2024-03-24 00:06:55.505466+01:00,1,80
2024-03-24 00:20:38.744688+01:00,1,80
2024-03-24 00:33:07.905073+01:00,1,80
2024-03-24 00:45:12.487748+01:00,1,80
2024-03-24 00:57:10.922832+01:00,1,80
2024-03-24 02:24:16.063096+01:00,1,80
2024-03-24 03:07:14.676961+01:00,1,80
2024-03-24 03:30:07.293446+01:00,1,80
2024-03-24 03:41:48.190026+01:00,1,80
2024-03-24 03:53:32.121501+01:00,1,80
2024-03-24 04:13:01.152307+01:00,1,80
2024-03-24 04:24:56.312391+01:00,1,80
2024-03-24 04:37:00.871531+01:00,1,80
2024-03-24 04:48:44.455360+01:00,1,80
2024-03-24 05:00:38.025382+01:00,1,80
2024-03-24 05:25:15.023198+01:00,0,80
2024-03-24 05:37:40.510148+01:00,0,80
2024-03-24 05:49:45.110298+01:00,0,80
2024-03-24 06:07:37.853916+01:00,0,80
2024-03-24 06:25:01.848804+01:00,0,80
2024-03-24 06:36:55.342402+01:00,0,80
2024-03-24 06:48:59.384600+01:00,0,80
2024-03-24 07:07:45.106664+01:00,0,80
2024-03-24 07:27:22.338346+01:00,0,80
2024-03-24 07:39:06.007784+01:00,0,80
2024-03-24 07:51:03.315459+01:00,0,80
2024-03-24 08:08:05.549616+01:00,0,80
2024-03-24 08:20:19.494593+01:00,0,80
2024-03-24 08:32:23.390861+01:00,0,80
2024-03-24 08:44:07.999946+01:00,0,80
2024-03-24 08:56:05.704693+01:00,0,80
2024-03-24 09:19:37.553026+01:00,11,80
2024-03-24 09:31:45.833672+01:00,26,80
2024-03-24 09:43:50.775040+01:00,32,80
2024-03-24 09:55:59.709264+01:00,40,80
2024-03-24 10:17:38.498654+01:00,48,80
2024-03-24 10:29:32.371629+01:00,54,80
2024-03-24 10:41:22.242431+01:00,54,80
2024-03-24 10:53:22.075820+01:00,53,80
2024-03-24 11:12:57.039747+01:00,53,80
2024-03-24 11:28:07.626162+01:00,51,80
2024-03-24 11:40:10.905428+01:00,59,80
2024-03-24 11:52:05.257516+01:00,55,80
2024-03-24 12:07:57.145067+01:00,49,80
2024-03-24 12:20:02.399114+01:00,46,80
2024-03-24 12:32:09.020472+01:00,43,80
2024-03-24 12:44:01.063935+01:00,42,80
2024-03-24 12:56:06.955081+01:00,41,80
2024-03-24 13:31:38.177244+01:00,47,80
2024-03-24 13:51:05.379881+01:00,44,80
2024-03-24 14:09:33.999438+01:00,42,80
2024-03-24 14:23:47.665685+01:00,42,80
2024-03-24 14:36:31.347376+01:00,45,80
2024-03-24 14:48:29.128244+01:00,50,80
2024-03-24 15:00:12.374667+01:00,50,80
2024-03-24 15:18:53.200052+01:00,51,80
2024-03-24 15:30:51.799464+01:00,54,80
2024-03-24 15:42:29.776243+01:00,57,80
2024-03-24 15:54:21.631055+01:00,56,80
2024-03-24 16:13:05.478928+01:00,64,80
2024-03-24 16:24:51.842324+01:00,60,80
2024-03-24 16:36:59.167934+01:00,54,80
2024-03-24 16:49:01.821439+01:00,36,80
2024-03-24 17:04:49.396928+01:00,4,80
2024-03-24 17:25:08.357961+01:00,0,80
2024-03-24 17:37:05.366092+01:00,0,80
2024-03-24 17:49:10.436310+01:00,0,80
2024-03-24 18:02:03.909380+01:00,0,80
2024-03-24 18:20:43.416808+01:00,0,80
2024-03-24 18:34:08.043898+01:00,0,80
2024-03-24 18:46:04.751709+01:00,0,80
2024-03-24 18:57:52.782398+01:00,0,80
2024-03-24 19:25:12.086327+01:00,0,80
2024-03-24 19:38:34.621154+01:00,0,80
2024-03-24 19:50:11.836843+01:00,0,80
2024-03-24 20:07:36.830535+01:00,0,80
2024-03-24 20:19:26.195609+01:00,0,80
2024-03-24 20:31:40.662860+01:00,0,80
2024-03-24 20:43:31.132534+01:00,0,80
2024-03-24 20:55:12.605647+01:00,0,80
2024-03-24 21:15:20.236803+01:00,0,80
2024-03-24 21:27:12.962564+01:00,0,80
2024-03-24 21:38:59.143405+01:00,0,80
2024-03-24 21:51:01.152748+01:00,0,80
2024-03-24 22:07:16.196087+01:00,0,80
2024-03-24 22:20:27.317153+01:00,0,80
2024-03-24 22:32:30.551247+01:00,0,80
2024-03-24 22:44:37.313765+01:00,0,80
2024-03-24 22:56:38.275776+01:00,0,80
2024-03-24 23:18:09.444771+01:00,0,80
2024-03-24 23:29:46.762041+01:00,0,80
2024-03-24 23:41:53.797170+01:00,0,80
2024-03-24 23:53:54.171153+01:00,0,80
2024-03-25 00:15:35.972559+01:00,0,80
2024-03-25 00:27:20.717245+01:00,0,80
2024-03-25 00:39:07.080825+01:00,0,80
2024-03-25 00:51:04.096943+01:00,0,80
2024-03-25 01:41:35.695971+01:00,0,80
2024-03-25 02:38:46.697411+01:00,0,80
2024-03-25 03:13:58.440200+01:00,0,80
2024-03-25 03:32:28.976341+01:00,0,80
2024-03-25 03:44:24.493739+01:00,0,80
2024-03-25 03:56:19.952899+01:00,0,80
2024-03-25 04:20:49.661496+01:00,0,80
2024-03-25 04:33:17.578746+01:00,0,80
2024-03-25 04:45:12.434832+01:00,0,80
2024-03-25 04:57:14.456693+01:00,0,80
2024-03-25 05:23:36.912240+01:00,0,80
2024-03-25 05:36:01.696525+01:00,0,80
2024-03-25 05:47:58.470026+01:00,0,80
2024-03-25 06:00:01.635912+01:00,1,80
2024-03-25 06:22:33.295928+01:00,1,80
2024-03-25 06:34:37.988191+01:00,2,80
2024-03-25 06:46:33.813313+01:00,2,80
2024-03-25 06:58:19.487483+01:00,2,80
2024-03-25 07:25:37.571669+01:00,22,80
2024-03-25 07:39:21.249344+01:00,27,80
2024-03-25 07:51:16.585239+01:00,28,80
2024-03-25 08:09:29.021908+01:00,32,80
2024-03-25 08:21:24.891862+01:00,37,80
2024-03-25 08:33:21.490503+01:00,41,80
2024-03-25 08:45:02.692346+01:00,38,80
2024-03-25 08:57:06.511911+01:00,40,80
2024-03-25 09:24:29.419197+01:00,35,80
2024-03-25 09:36:48.541750+01:00,29,80
2024-03-25 09:49:00.599576+01:00,27,80
2024-03-25 10:02:47.806319+01:00,27,80
2024-03-25 10:20:34.078021+01:00,31,80
2024-03-25 10:32:47.851501+01:00,34,80
2024-03-25 10:44:32.286781+01:00,35,80
2024-03-25 10:56:40.706191+01:00,36,80
2024-03-25 11:19:15.220645+01:00,42,80
2024-03-25 11:32:28.699659+01:00,45,80
2024-03-25 11:44:22.896491+01:00,41,80
2024-03-25 11:56:25.105849+01:00,36,80
2024-03-25 12:16:08.055040+01:00,33,80
2024-03-25 12:28:15.314878+01:00,30,80
2024-03-25 12:40:06.508134+01:00,29,80
2024-03-25 12:52:16.934995+01:00,28,80
2024-03-25 13:19:26.325811+01:00,39,80
2024-03-25 13:43:43.369809+01:00,48,80
2024-03-25 13:57:39.272027+01:00,56,80
2024-03-25 14:20:40.922781+01:00,49,80
2024-03-25 14:33:08.597212+01:00,48,80
2024-03-25 14:44:59.614295+01:00,43,80
2024-03-25 14:57:07.393723+01:00,42,80
2024-03-25 15:17:42.655307+01:00,32,80
2024-03-25 15:29:37.271325+01:00,39,80
2024-03-25 15:41:31.131992+01:00,41,80
2024-03-25 15:53:23.397792+01:00,45,80
2024-03-25 16:14:16.418453+01:00,47,80
2024-03-25 16:26:39.128270+01:00,51,80
2024-03-25 16:39:25.189737+01:00,58,80
2024-03-25 16:51:27.921007+01:00,56,80
2024-03-25 17:12:18.271545+01:00,63,80
2024-03-25 17:30:51.785626+01:00,68,80
2024-03-25 17:42:36.898553+01:00,67,80
2024-03-25 17:54:37.730284+01:00,79,80
2024-03-25 18:13:50.298629+01:00,71,80
2024-03-25 18:26:26.883682+01:00,72,80
2024-03-25 18:38:09.567341+01:00,76,80
2024-03-25 18:50:01.407854+01:00,75,80
2024-03-25 19:09:47.241597+01:00,68,80
2024-03-25 19:28:10.816930+01:00,58,80
2024-03-25 19:40:07.456352+01:00,61,80
2024-03-25 19:52:15.300822+01:00,55,80
2024-03-25 20:09:38.030318+01:00,58,80
2024-03-25 20:21:21.727799+01:00,59,80
2024-03-25 20:33:27.996582+01:00,59,80
2024-03-25 20:45:31.258690+01:00,52,80
2024-03-25 20:57:31.813697+01:00,50,80
2024-03-25 21:19:27.566052+01:00,46,80
2024-03-25 21:31:28.044822+01:00,48,80
2024-03-25 21:43:18.826154+01:00,36,80
2024-03-25 21:55:01.536747+01:00,28,80
2024-03-25 22:14:23.827592+01:00,2,80
2024-03-25 22:26:24.377355+01:00,2,80
2024-03-25 22:38:24.225494+01:00,2,80
2024-03-25 22:50:31.453641+01:00,2,80
2024-03-25 23:08:28.960140+01:00,2,80
2024-03-25 23:26:41.713497+01:00,2,80
2024-03-25 23:38:51.328344+01:00,2,80
2024-03-25 23:50:56.039785+01:00,2,80
2024-03-26 00:08:40.669742+01:00,2,80
2024-03-26 00:24:08.065497+01:00,2,80
2024-03-26 00:36:14.520592+01:00,2,80
2024-03-26 00:48:06.817338+01:00,2,80
2024-03-26 01:00:01.717134+01:00,2,80
2024-03-26 02:18:37.728892+01:00,2,80
2024-03-26 02:58:26.442006+01:00,2,80
2024-03-26 03:26:45.391171+01:00,2,80
2024-03-26 03:39:06.811697+01:00,2,80
2024-03-26 03:51:12.147692+01:00,2,80
2024-03-26 04:09:27.519973+01:00,2,80
2024-03-26 04:23:23.903233+01:00,2,80
2024-03-26 04:36:40.933097+01:00,2,80
2024-03-26 04:48:26.359128+01:00,2,80
2024-03-26 05:00:37.737598+01:00,2,80
2024-03-26 05:23:43.755716+01:00,0,80
2024-03-26 05:35:46.782771+01:00,0,80
2024-03-26 05:47:54.248339+01:00,0,80
2024-03-26 05:59:59.204844+01:00,1,80
2024-03-26 06:20:16.673317+01:00,1,80
2024-03-26 06:32:29.320180+01:00,1,80
2024-03-26 06:44:18.896089+01:00,1,80
2024-03-26 06:56:20.379948+01:00,2,80
2024-03-26 07:23:03.043596+01:00,24,80
2024-03-26 07:36:29.382908+01:00,27,80
2024-03-26 07:48:28.248850+01:00,31,80
2024-03-26 08:00:09.740449+01:00,30,80
2024-03-26 08:17:33.015312+01:00,27,80
2024-03-26 08:29:07.356587+01:00,31,80
2024-03-26 08:40:48.763735+01:00,34,80
2024-03-26 08:53:02.256272+01:00,30,80
2024-03-26 09:14:58.061545+01:00,28,80
2024-03-26 09:31:01.202656+01:00,31,80
2024-03-26 09:42:58.930307+01:00,29,80
2024-03-26 09:54:43.703502+01:00,35,80
2024-03-26 10:15:34.601934+01:00,42,80
2024-03-26 10:27:21.203398+01:00,47,80
2024-03-26 10:39:05.157506+01:00,46,80
2024-03-26 10:50:50.141594+01:00,44,80
2024-03-26 11:10:14.805162+01:00,40,80
2024-03-26 11:30:55.161060+01:00,42,80
2024-03-26 11:42:53.594808+01:00,40,80
2024-03-26 11:55:03.041858+01:00,36,80
2024-03-26 12:13:26.056488+01:00,29,80
2024-03-26 12:25:21.651482+01:00,34,80
2024-03-26 12:37:38.883844+01:00,40,80
2024-03-26 12:49:31.046030+01:00,39,80
2024-03-26 13:12:05.696144+01:00,46,80
2024-03-26 13:41:50.834107+01:00,30,80
2024-03-26 13:56:48.419959+01:00,37,80
2024-03-26 14:19:36.450729+01:00,45,80
2024-03-26 14:31:33.385904+01:00,42,80
2024-03-26 14:43:19.148331+01:00,43,80
2024-03-26 14:54:59.795958+01:00,50,80
2024-03-26 15:16:26.338775+01:00,48,80
2024-03-26 15:30:25.016851+01:00,49,80
2024-03-26 15:42:26.236472+01:00,48,80
2024-03-26 15:54:16.314417+01:00,41,80
2024-03-26 16:14:14.260441+01:00,35,80
2024-03-26 16:26:19.715028+01:00,34,80
2024-03-26 16:38:31.052543+01:00,46,80
2024-03-26 16:50:40.179004+01:00,54,80
2024-03-26 17:10:27.169266+01:00,50,80
2024-03-26 17:30:41.866748+01:00,49,80
2024-03-26 17:42:25.358156+01:00,63,80
2024-03-26 17:54:09.059291+01:00,68,80
2024-03-26 18:12:05.256137+01:00,72,80
2024-03-26 18:26:00.510084+01:00,72,80
2024-03-26 18:37:58.432901+01:00,63,80
2024-03-26 18:49:57.570381+01:00,69,80
2024-03-26 19:09:02.408964+01:00,74,80
2024-03-26 19:27:50.073569+01:00,76,80
2024-03-26 19:39:44.651767+01:00,68,80
2024-03-26 19:51:56.110145+01:00,67,80
2024-03-26 20:09:25.599676+01:00,52,80
2024-03-26 20:21:24.093299+01:00,44,80
2024-03-26 20:35:00.286528+01:00,33,80
2024-03-26 20:47:17.327381+01:00,36,80
2024-03-26 20:58:43.342752+01:00,37,80
2024-03-26 21:20:41.727285+01:00,30,80
2024-03-26 21:32:00.059979+01:00,25,80
2024-03-26 21:43:28.666323+01:00,21,80
2024-03-26 21:55:18.419033+01:00,15,80
2024-03-26 22:16:13.318782+01:00,6,80
2024-03-26 22:28:08.103898+01:00,6,80
2024-03-26 22:39:59.875301+01:00,6,80
2024-03-26 22:51:52.316909+01:00,6,80
2024-03-26 23:10:14.271894+01:00,6,80
2024-03-26 23:27:59.097693+01:00,6,80
2024-03-26 23:39:51.295762+01:00,6,80
2024-03-26 23:51:40.507861+01:00,6,80
2024-03-27 00:11:33.649299+01:00,6,80
2024-03-27 00:26:02.889509+01:00,6,80
2024-03-27 00:38:09.950957+01:00,6,80
2024-03-27 00:50:11.085096+01:00,6,80
2024-03-27 01:33:45.676739+01:00,6,80
2024-03-27 02:35:11.941003+01:00,6,80
2024-03-27 03:09:31.109545+01:00,6,80
2024-03-27 03:27:31.986665+01:00,6,80
2024-03-27 03:39:36.701344+01:00,6,80
2024-03-27 03:51:22.104800+01:00,6,80
2024-03-27 04:10:06.881421+01:00,6,80
2024-03-27 04:25:06.640419+01:00,6,80
2024-03-27 04:39:17.399121+01:00,6,80
2024-03-27 04:51:02.622170+01:00,6,80
2024-03-27 05:12:53.257234+01:00,0,80
2024-03-27 05:32:09.808415+01:00,0,80
2024-03-27 05:44:04.256863+01:00,0,80
2024-03-27 05:56:13.891211+01:00,1,80
2024-03-27 06:18:09.400389+01:00,1,80
2024-03-27 06:29:57.565714+01:00,1,80
2024-03-27 06:42:08.500987+01:00,1,80
2024-03-27 06:54:07.587767+01:00,1,80
2024-03-27 07:18:01.745968+01:00,15,80
2024-03-27 07:31:00.344758+01:00,21,80
2024-03-27 07:42:43.484628+01:00,24,80
2024-03-27 07:54:50.798139+01:00,22,80
2024-03-27 08:13:32.315884+01:00,26,80
2024-03-27 08:25:14.335951+01:00,34,80
2024-03-27 08:37:48.502830+01:00,37,80
2024-03-27 08:49:56.080825+01:00,38,80
2024-03-27 09:10:18.330712+01:00,30,80
2024-03-27 09:28:41.338471+01:00,30,80
2024-03-27 09:40:38.711142+01:00,24,80
2024-03-27 09:52:50.063086+01:00,28,80
2024-03-27 10:13:05.784758+01:00,27,80
2024-03-27 10:25:45.529466+01:00,34,80
2024-03-27 10:37:51.263751+01:00,38,80
2024-03-27 10:49:57.165841+01:00,44,80
2024-03-27 11:07:51.704836+01:00,43,80
2024-03-27 11:28:03.498777+01:00,38,80
2024-03-27 11:40:05.914160+01:00,36,80
2024-03-27 11:52:18.101074+01:00,26,80
2024-03-27 12:09:19.539112+01:00,24,80
2024-03-27 12:21:09.181085+01:00,28,80
2024-03-27 12:33:27.615918+01:00,34,80
2024-03-27 12:45:30.609339+01:00,35,80
2024-03-27 12:57:16.464086+01:00,39,80
2024-03-27 13:33:57.696520+01:00,37,80
2024-03-27 13:53:23.305123+01:00,41,80
2024-03-27 14:13:30.787322+01:00,38,80
2024-03-27 14:25:25.924822+01:00,47,80
2024-03-27 14:37:29.177894+01:00,52,80
2024-03-27 14:49:30.444872+01:00,58,80
2024-03-27 15:06:45.578140+01:00,63,80
2024-03-27 15:25:39.658484+01:00,55,80
2024-03-27 15:37:44.527241+01:00,53,80
2024-03-27 15:49:58.426889+01:00,44,80
2024-03-27 16:08:29.840189+01:00,44,80
2024-03-27 16:23:58.500131+01:00,49,80
2024-03-27 16:36:09.134497+01:00,53,80
2024-03-27 16:48:13.519635+01:00,62,80
2024-03-27 17:00:13.033786+01:00,60,80
2024-03-27 17:26:03.559864+01:00,64,80
2024-03-27 17:41:36.071975+01:00,59,80
2024-03-27 17:53:47.128233+01:00,65,80
2024-03-27 18:11:20.790151+01:00,63,80
2024-03-27 18:26:11.421663+01:00,60,80
2024-03-27 18:38:16.952808+01:00,53,80
2024-03-27 18:50:13.799171+01:00,54,80
2024-03-27 19:10:33.709942+01:00,59,80
2024-03-27 19:28:19.602814+01:00,49,80
2024-03-27 19:40:21.152132+01:00,45,80
2024-03-27 19:52:17.074225+01:00,42,80
2024-03-27 20:09:11.557777+01:00,40,80
2024-03-27 20:21:11.879184+01:00,39,80
2024-03-27 20:33:24.362182+01:00,37,80
2024-03-27 20:45:17.799218+01:00,40,80
2024-03-27 20:57:03.705502+01:00,42,80
2024-03-27 21:18:14.801957+01:00,38,80
2024-03-27 21:29:52.550998+01:00,36,80
2024-03-27 21:41:39.399311+01:00,33,80
2024-03-27 21:53:55.064974+01:00,25,80
2024-03-27 22:11:49.400452+01:00,1,80
2024-03-27 22:23:28.412010+01:00,1,80
2024-03-27 22:35:33.769377+01:00,1,80
2024-03-27 22:47:34.284686+01:00,1,80
2024-03-27 22:59:30.353679+01:00,1,80
2024-03-27 23:22:01.197869+01:00,1,80
2024-03-27 23:33:59.243387+01:00,1,80
2024-03-27 23:45:46.425213+01:00,1,80
2024-03-27 23:57:48.625693+01:00,1,80
2024-03-28 00:18:22.607066+01:00,1,80
2024-03-28 00:30:20.642982+01:00,1,80
2024-03-28 00:42:07.464594+01:00,1,80
2024-03-28 00:54:09.411085+01:00,1,80
2024-03-28 02:01:34.199151+01:00,1,80
2024-03-28 02:55:21.100206+01:00,1,80
2024-03-28 03:25:20.861832+01:00,1,80
2024-03-28 03:39:07.965159+01:00,1,80
2024-03-28 03:50:54.821522+01:00,1,80
2024-03-28 04:09:26.553230+01:00,1,80
2024-03-28 04:25:02.890834+01:00,1,80
2024-03-28 04:37:47.612664+01:00,1,80
2024-03-28 04:49:44.425108+01:00,1,80
2024-03-28 05:08:07.971606+01:00,0,80
2024-03-28 05:26:03.176310+01:00,0,80
2024-03-28 05:38:04.538936+01:00,0,80
2024-03-28 05:49:57.498714+01:00,0,80
2024-03-28 06:08:36.076530+01:00,1,80
2024-03-28 06:28:23.505867+01:00,1,80
2024-03-28 06:40:05.244001+01:00,1,80
2024-03-28 06:52:07.850813+01:00,1,80
2024-03-28 07:14:00.096006+01:00,17,80
2024-03-28 07:29:49.212296+01:00,27,80
2024-03-28 07:41:40.596498+01:00,32,80
2024-03-28 07:53:30.511304+01:00,34,80
2024-03-28 08:11:52.437485+01:00,39,80
2024-03-28 08:23:26.591437+01:00,38,80
2024-03-28 08:36:19.985109+01:00,42,80
2024-03-28 08:48:15.177750+01:00,43,80
2024-03-28 09:00:26.267095+01:00,47,80
2024-03-28 09:23:45.402879+01:00,39,80
2024-03-28 09:35:42.863627+01:00,36,80
2024-03-28 09:47:45.862172+01:00,33,80
2024-03-28 09:59:44.791011+01:00,34,80
2024-03-28 10:19:39.642906+01:00,41,80
2024-03-28 10:33:14.867938+01:00,60,80
2024-03-28 10:45:08.558782+01:00,63,80
2024-03-28 10:57:00.315269+01:00,77,80
2024-03-28 11:19:40.290130+01:00,80,80
2024-03-28 11:32:54.909449+01:00,79,80
2024-03-28 11:45:03.389242+01:00,62,80
2024-03-28 11:56:49.865784+01:00,53,80
2024-03-28 12:16:33.167842+01:00,41,80
2024-03-28 12:28:30.229108+01:00,38,80
2024-03-28 12:40:13.010044+01:00,43,80
2024-03-28 12:52:29.018302+01:00,46,80
2024-03-28 13:20:54.676721+01:00,58,80
2024-03-28 13:45:36.947238+01:00,54,80
2024-03-28 13:58:55.291236+01:00,46,80
2024-03-28 14:20:51.508670+01:00,53,80
2024-03-28 14:33:05.938767+01:00,49,80
2024-03-28 14:44:54.691125+01:00,54,80
2024-03-28 14:56:52.279113+01:00,47,80
2024-03-28 15:19:14.427722+01:00,50,80
2024-03-28 15:31:09.262574+01:00,61,80
2024-03-28 15:43:10.486253+01:00,50,80
2024-03-28 15:55:25.237023+01:00,42,80
2024-03-28 16:15:42.280655+01:00,43,80
2024-03-28 16:27:55.774515+01:00,45,80
2024-03-28 16:39:24.527772+01:00,54,80
2024-03-28 16:51:21.923507+01:00,65,80
2024-03-28 17:11:24.542080+01:00,79,80
2024-03-28 17:29:58.366802+01:00,78,80
2024-03-28 17:41:48.535703+01:00,74,80
2024-03-28 17:53:47.149004+01:00,54,80
2024-03-28 18:13:17.080870+01:00,0,80
2024-03-28 18:28:40.288431+01:00,0,80
2024-03-28 18:40:34.326851+01:00,0,80
2024-03-28 18:52:40.693028+01:00,0,80
2024-03-28 19:14:27.830248+01:00,0,80
2024-03-28 19:29:47.276064+01:00,0,80
2024-03-28 19:41:29.029962+01:00,0,80
2024-03-28 19:53:29.784513+01:00,0,80
2024-03-28 20:09:20.419563+01:00,0,80
2024-03-28 20:21:03.097054+01:00,0,80
